{
    "WP1_pt200to400": {
        "jer": {
            "high": 0.002222238106908833,
            "low": 0.0019246709998629304
        },
        "jes": {
            "high": 0.002051630164442731,
            "low": 0.0017136990848140353
        },
        "fracBB": {
            "high": 0.0025415834228370063,
            "low": 0.0038563414144056505
        },
        "stats": {
            "high": 0.09479607745446117,
            "low": 0.08901490998266892
        },
        "fracLight": {
            "high": 0.00574003617693115,
            "low": 0.00713781336044633
        },
        "pu": {
            "high": 0.015217041673194012,
            "low": 0.013792805045318032
        },
        "fracCC": {
            "high": 0.01320888742329846,
            "low": 0.009571722019382665
        },
        "psWeightIsr": {
            "high": 0.0,
            "low": 0.0
        },
        "lumi_13TeV": {
            "high": 0.0002539377061667954,
            "low": 0.0
        },
        "l1PreFiring": {
            "high": 0.0,
            "low": 0.0
        },
        "psWeightFsr": {
            "high": 0.004058929986976675,
            "low": 0.0
        },
        "extSfBDTVariation": {
            "high": 0.03589313795024327,
            "low": 0.03442533467871076
        },
        "extVarRwgt": {
            "high": 0.12010786831928266,
            "low": 0.12010786831928266
        },
        "final": {
            "central": 1.2176816748538735,
            "high": 0.15865573212542808,
            "low": 0.15451903514708662
        }
    },
    "WP1_pt400to100000": {
        "jer": {
            "high": 0.00109925747455174,
            "low": 0.0007373236741397019
        },
        "jes": {
            "high": 0.01821052291963764,
            "low": 0.011704770621050567
        },
        "fracBB": {
            "high": 0.0013847064949694622,
            "low": 0.0034354634185266015
        },
        "stats": {
            "high": 0.03936772007763878,
            "low": 0.03831993513014442
        },
        "fracLight": {
            "high": 0.001916951770852413,
            "low": 0.0019664369180745125
        },
        "pu": {
            "high": 0.003861317299785908,
            "low": 0.003684540552920122
        },
        "fracCC": {
            "high": 0.005455917174743177,
            "low": 0.006994167227948612
        },
        "psWeightIsr": {
            "high": 0.0,
            "low": 0.0
        },
        "lumi_13TeV": {
            "high": 0.0,
            "low": 0.0014311958755126907
        },
        "l1PreFiring": {
            "high": 0.0,
            "low": 0.0
        },
        "psWeightFsr": {
            "high": 0.0,
            "low": 0.0014713968171291905
        },
        "extSfBDTVariation": {
            "high": 0.006986078455446377,
            "low": 0.014510773739423255
        },
        "extVarRwgt": {
            "high": 0.0777955292285668,
            "low": 0.0777955292285668
        },
        "final": {
            "central": 1.1359597311258995,
            "high": 0.08961718848062884,
            "low": 0.08916864067551342
        }
    },
    "WP2_pt200to400": {
        "jer": {
            "high": 0.0006885847004708087,
            "low": 0.0006984702651636121
        },
        "jes": {
            "high": 0.0036008147010928174,
            "low": 0.0031672423919257954
        },
        "fracBB": {
            "high": 0.005456424398838604,
            "low": 0.005376994432951078
        },
        "stats": {
            "high": 0.04585941503099167,
            "low": 0.044593416457808566
        },
        "fracLight": {
            "high": 0.004359475462294473,
            "low": 0.004786788441271808
        },
        "pu": {
            "high": 0.0017872862797621047,
            "low": 0.0016151368552994392
        },
        "fracCC": {
            "high": 0.011600281087968687,
            "low": 0.010433796304601657
        },
        "psWeightIsr": {
            "high": 0.0,
            "low": 0.0
        },
        "lumi_13TeV": {
            "high": 0.0,
            "low": 0.00013826712186615735
        },
        "l1PreFiring": {
            "high": 0.0,
            "low": 0.0
        },
        "psWeightFsr": {
            "high": 0.0020333578215415665,
            "low": 0.0
        },
        "extSfBDTVariation": {
            "high": 0.027391460968729808,
            "low": 0.03097801547741095
        },
        "extVarRwgt": {
            "high": 0.11327210618375272,
            "low": 0.11327210618375272
        },
        "final": {
            "central": 1.247293915060223,
            "high": 0.12604748887592163,
            "low": 0.1262884566193514
        }
    },
    "WP2_pt400to100000": {
        "jer": {
            "high": 0.001996984107967861,
            "low": 0.0026402352720114185
        },
        "jes": {
            "high": 0.009012095626732716,
            "low": 0.007340012985599705
        },
        "fracBB": {
            "high": 0.0026701666838593427,
            "low": 0.0037219152196256862
        },
        "stats": {
            "high": 0.02279298731508894,
            "low": 0.022402934719939704
        },
        "fracLight": {
            "high": 0.0016975651469790234,
            "low": 0.0015636537443770979
        },
        "pu": {
            "high": 0.0008931495174752559,
            "low": 0.000859135142033085
        },
        "fracCC": {
            "high": 0.006345694133223572,
            "low": 0.006381232495078906
        },
        "psWeightIsr": {
            "high": 0.0,
            "low": 0.0
        },
        "lumi_13TeV": {
            "high": 9.795519916630515e-05,
            "low": 0.00022346304865315472
        },
        "l1PreFiring": {
            "high": 0.0,
            "low": 0.0
        },
        "psWeightFsr": {
            "high": 0.0002079397082421627,
            "low": 0.00015930675214432266
        },
        "extSfBDTVariation": {
            "high": 0.012525804135443951,
            "low": 0.015472444671883322
        },
        "extVarRwgt": {
            "high": 0.06032063756362516,
            "low": 0.06032063756362516
        },
        "final": {
            "central": 1.100739413746429,
            "high": 0.06671829637336762,
            "low": 0.0670711950009186
        }
    },
    "WP3_pt200to400": {
        "jer": {
            "high": 0.0005283801412406761,
            "low": 0.0005358484216768554
        },
        "jes": {
            "high": 0.005229253653684299,
            "low": 0.004808021420533333
        },
        "fracBB": {
            "high": 0.005426279941375485,
            "low": 0.005208920791390004
        },
        "stats": {
            "high": 0.031190014084850004,
            "low": 0.030668479310389962
        },
        "fracLight": {
            "high": 0.00310150958261323,
            "low": 0.0036731523162325075
        },
        "pu": {
            "high": 0.0006234115097560889,
            "low": 0.0011178736298895382
        },
        "fracCC": {
            "high": 0.009067767124966887,
            "low": 0.008498279705972906
        },
        "psWeightIsr": {
            "high": 0.0,
            "low": 0.0
        },
        "lumi_13TeV": {
            "high": 0.0,
            "low": 0.0002896881570178684
        },
        "l1PreFiring": {
            "high": 0.0,
            "low": 0.0
        },
        "psWeightFsr": {
            "high": 0.0,
            "low": 0.001970084860550378
        },
        "extSfBDTVariation": {
            "high": 0.030162022809193945,
            "low": 0.06694029794768643
        },
        "extVarRwgt": {
            "high": 0.08273370776920141,
            "low": 0.08273370776920141
        },
        "final": {
            "central": 1.0670635995893003,
            "high": 0.09419589590347835,
            "low": 0.11139070954992811
        }
    },