,Skimmer Preselection,HLT
data,258124.0,189579.0
ttbar,6157.568049375361,6006.966598259159
ttlep,2799.9353062801933,2654.9058405651804
