,Skimmer Preselection,HLT
data,491847.0,291369.0
ttbar,11462.141085711759,10226.501709092488
ttlep,5814.360090725518,4657.008225958529
