,Skimmer Preselection,HLT
data,206092.0,122345.0
ttbar,5318.627856310099,4735.175407322366
ttlep,2725.8269663545543,2188.8206457486094
