{
    "WP1_pt200to400": {
        "jer": {
            "high": 0.0,
            "low": 0.0
        },
        "jes": {
            "high": 0.008257704656435128,
            "low": 0.007082977658810005
        },
        "fracBB": {
            "high": 0.007737073503202535,
            "low": 0.007639952855287444
        },
        "stats": {
            "high": 0.06410617130125518,
            "low": 0.06082806438512778
        },
        "fracLight": {
            "high": 0.002709986514561384,
            "low": 0.002169254675020345
        },
        "pu": {
            "high": 0.003943015116934513,
            "low": 0.0035469347065977892
        },
        "fracCC": {
            "high": 0.01029224132153747,
            "low": 0.009448917874875125
        },
        "psWeightIsr": {
            "high": 0.0,
            "low": 0.0007509471810909634
        },
        "lumi_13TeV": {
            "high": 0.001398265577679188,
            "low": 0.001644793265465586
        },
        "l1PreFiring": {
            "high": 0.0,
            "low": 0.0
        },
        "psWeightFsr": {
            "high": 0.01837499811743975,
            "low": 0.017792372703112586
        },
        "extSfBDTVariation": {
            "high": 0.0388639787820463,
            "low": 0.03763434007559838
        },
        "extVarRwgt": {
            "high": 0.06436960011777315,
            "low": 0.06436960011777315
        },
        "final": {
            "central": 1.1556118290303439,
            "high": 0.10178345562377038,
            "low": 0.09896794212455645
        }
    },
    "WP1_pt400to100000": {
        "jer": {
            "high": 0.0013462821562620288,
            "low": 0.0012883540344357561
        },
        "jes": {
            "high": 0.0014040589338869323,
            "low": 0.0022782548363134356
        },
        "fracBB": {
            "high": 0.008486688483531605,
            "low": 0.00843155335234164
        },
        "stats": {
            "high": 0.04014952994588983,
            "low": 0.03871606350959467
        },
        "fracLight": {
            "high": 0.000990431222808535,
            "low": 0.0009687243804688647
        },
        "pu": {
            "high": 0.0005634719325717085,
            "low": 0.00028764984125388834
        },
        "fracCC": {
            "high": 0.008102270067815248,
            "low": 0.007358395480491344
        },
        "psWeightIsr": {
            "high": 0.009989661438040738,
            "low": 0.008019693868816607
        },
        "lumi_13TeV": {
            "high": 0.0019860156502654433,
            "low": 0.002164845857817762
        },
        "l1PreFiring": {
            "high": 0.0,
            "low": 0.0
        },
        "psWeightFsr": {
            "high": 0.0,
            "low": 0.007281266704080378
        },
        "extSfBDTVariation": {
            "high": 0.022671079327224165,
            "low": 0.020416798881268704
        },
        "extVarRwgt": {
            "high": 0.0649212577538214,
            "low": 0.0649212577538214
        },
        "final": {
            "central": 1.017444574554723,
            "high": 0.08090323407482154,
            "low": 0.07991042733763394
        }
    },
    "WP2_pt200to400": {
        "jer": {
            "high": 0.00023302823863404954,
            "low": 0.0003913240075652151
        },
        "jes": {
            "high": 0.0024936897857446624,
            "low": 0.0024775931098782655
        },
        "fracBB": {
            "high": 0.006659355148828269,
            "low": 0.006534647953268947
        },
        "stats": {
            "high": 0.028210237581761555,
            "low": 0.027463820486109958
        },
        "fracLight": {
            "high": 0.0011152068560672235,
            "low": 0.0009812772037223385
        },
        "pu": {
            "high": 0.0010586549167762498,
            "low": 0.0009827531178517625
        },
        "fracCC": {
            "high": 0.008169076619035551,
            "low": 0.007594800494718376
        },
        "psWeightIsr": {
            "high": 0.002915884519995719,
            "low": 0.003724866248370734
        },
        "lumi_13TeV": {
            "high": 0.0008304596143228466,
            "low": 0.0009915816936866527
        },
        "l1PreFiring": {
            "high": 0.0,
            "low": 0.0
        },
        "psWeightFsr": {
            "high": 0.012664561818677433,
            "low": 0.011220691994794965
        },
        "extSfBDTVariation": {
            "high": 0.0201502536344445,
            "low": 0.019640483377345246
        },
        "extVarRwgt": {
            "high": 0.043182141632456594,
            "low": 0.043182141632456594
        },
        "final": {
            "central": 0.9717552987293067,
            "high": 0.05792968845902377,
            "low": 0.05704447475247794
        }
    },
    "WP2_pt400to100000": {
        "jer": {
            "high": 0.0008747332462694421,
            "low": 0.0009102640704868333
        },
        "jes": {
            "high": 0.0016741588537048395,
            "low": 0.0015823470966046741
        },
        "fracBB": {
            "high": 0.007728204845022124,
            "low": 0.007444177199122484
        },
        "stats": {
            "high": 0.02368830312719883,
            "low": 0.023117067117796264
        },
        "fracLight": {
            "high": 0.002030456231897566,
            "low": 0.0017291041880484828
        },
        "pu": {
            "high": 0.0026073772717521665,
            "low": 0.0025177336282540754
        },
        "fracCC": {
            "high": 0.005562913688673576,
            "low": 0.005402158981965646
        },
        "psWeightIsr": {
            "high": 0.003824438684526293,
            "low": 0.003665625283024706
        },
        "lumi_13TeV": {
            "high": 0.000756533009596642,
            "low": 0.0010437258793779241
        },
        "l1PreFiring": {
            "high": 0.0,
            "low": 0.0
        },
        "psWeightFsr": {
            "high": 0.01924231213529409,
            "low": 0.012925783337406948
        },
        "extSfBDTVariation": {
            "high": 0.03390071128197185,
            "low": 0.026873849800398933
        },
        "extVarRwgt": {
            "high": 0.06429070717098195,
            "low": 0.06429070717098195
        },
        "final": {
            "central": 0.9959289282273707,
            "high": 0.07958840683462474,
            "low": 0.07529116783426167
        }
    },
    "WP3_pt200to400": {
        "jer": {
            "high": 0.0009980366138174655,
            "low": 0.0013044103831527634
        },
        "jes": {
            "high": 0.0029705763297466162,
            "low": 0.0027993073632715734
        },
        "fracBB": {
            "high": 0.007752673799521333,
            "low": 0.007401147416246675
        },
        "stats": {
            "high": 0.02428515821995414,
            "low": 0.023805384749769343
        },
        "fracLight": {
            "high": 0.000487989352468882,
            "low": 0.00035979757476280476
        },
        "pu": {
            "high": 0.002109148141153814,
            "low": 0.0021166287854797266
        },
        "fracCC": {
            "high": 0.007737609788015811,
            "low": 0.007253976456158143
        },
        "psWeightIsr": {
            "high": 0.0010948734290922976,
            "low": 0.0012324903821203498
        },
        "lumi_13TeV": {
            "high": 0.0011132073470708397,
            "low": 0.0014153811900269792
        },
        "l1PreFiring": {
            "high": 0.0,
            "low": 0.0
        },
        "psWeightFsr": {
            "high": 0.006455797799042675,
            "low": 0.005980506562021457
        },
        "extSfBDTVariation": {
            "high": 0.0747040735288882,
            "low": 0.03561725369007148
        },
        "extVarRwgt": {
            "high": 0.030504521006971652,