{
    "WP1_pt200to250": {
        "jer": {
            "high": 0.0006255791963569832,
            "low": 0.0
        },
        "jes": {
            "high": 0.005705075206743826,
            "low": 0.00533434945070543
        },
        "fracBB": {
            "high": 0.013430492214809464,
            "low": 0.012957943684679903
        },
        "stats": {
            "high": 0.06281712202874146,
            "low": 0.06042114049218639
        },
        "fracLight": {
            "high": 0.004590688399066057,
            "low": 0.004626951248740523
        },
        "pu": {
            "high": 0.009566468840874085,
            "low": 0.008011422828786089
        },
        "fracCC": {
            "high": 0.014299186748920993,
            "low": 0.013553695595114088
        },
        "psWeightIsr": {
            "high": 0.006189457690009769,
            "low": 0.005832610314994007
        },
        "lumi_13TeV": {
            "high": 0.001038878636699462,
            "low": 0.0001323651142434109
        },
        "l1PreFiring": {
            "high": 0.0,
            "low": 0.0
        },
        "psWeightFsr": {
            "high": 0.017019815236006573,
            "low": 0.015175503598548456
        },
        "extSfBDTVariation": {
            "high": 0.028724714124892733,
            "low": 0.027074962110342514
        },
        "extVarRwgt": {
            "high": 0.08126687502181529,
            "low": 0.08126687502181529
        },
        "final": {
            "central": 1.26629925808122,
            "high": 0.110611227299252,
            "low": 0.10824911371446605
        }
    },
    "WP1_pt250to300": {
        "jer": {
            "high": 0.001174353226963866,
            "low": 0.001466228006706826
        },
        "jes": {
            "high": 0.0023103898364374665,
            "low": 0.005239551212972209
        },
        "fracBB": {
            "high": 0.011447223132465009,
            "low": 0.011982720232136247
        },
        "stats": {
            "high": 0.046341587935760264,
            "low": 0.04491665629538599
        },
        "fracLight": {
            "high": 0.004442754605959283,
            "low": 0.003189641138410231
        },
        "pu": {
            "high": 0.0005372530144484954,
            "low": 0.0002948273932044072
        },
        "fracCC": {
            "high": 0.011967292364248278,
            "low": 0.010183894745579318
        },
        "psWeightIsr": {
            "high": 0.00526976229052306,
            "low": 0.005403074321053924
        },
        "lumi_13TeV": {
            "high": 0.0003735598604132752,
            "low": 0.0009148805990209707
        },
        "l1PreFiring": {
            "high": 0.0,
            "low": 0.0
        },
        "psWeightFsr": {
            "high": 0.01829962353764762,
            "low": 0.016870569782303817
        },
        "extSfBDTVariation": {
            "high": 0.04745391157929014,
            "low": 0.04135799029675506
        },
        "extVarRwgt": {
            "high": 0.09316138532572804,
            "low": 0.09316138532572804
        },
        "final": {
            "central": 1.2434407187771819,
            "high": 0.11722732230816908,
            "low": 0.11405630269729639
        }
    },
    "WP1_pt300to400": {
        "jer": {
            "high": 0.0012662131827528879,
            "low": 0.0013252164770572352
        },
        "jes": {
            "high": 0.0016194190316376473,
            "low": 0.0011300532601929828
        },
        "fracBB": {
            "high": 0.008073284813520367,
            "low": 0.007696988375344876
        },
        "stats": {
            "high": 0.024922071438828963,
            "low": 0.024527942598571606
        },
        "fracLight": {
            "high": 0.0016444010057382339,
            "low": 0.0020646641712269266
        },
        "pu": {
            "high": 0.0018366178623134388,
            "low": 0.0017487895185199498
        },
        "fracCC": {
            "high": 0.006263574302169685,
            "low": 0.006341362346868811
        },
        "psWeightIsr": {
            "high": 0.010034083954826595,
            "low": 0.010298402627011318
        },
        "lumi_13TeV": {
            "high": 0.0,
            "low": 0.00014562207872307389
        },
        "l1PreFiring": {
            "high": 0.0,
            "low": 0.0
        },
        "psWeightFsr": {
            "high": 0.013429194110793604,
            "low": 0.009914362335221229
        },
        "extSfBDTVariation": {
            "high": 0.03628407793765711,
            "low": 0.02739703382692711
        },
        "extVarRwgt": {
            "high": 0.08691784662374102,
            "low": 0.08691784662374102
        },
        "final": {
            "central": 1.2341071753762671,
            "high": 0.09943883697446035,
            "low": 0.09602662757682959
        }
    },
    "WP1_pt400to500": {
        "jer": {
            "high": 0.0015087759237596076,
            "low": 0.001479789661806796
        },
        "jes": {
            "high": 0.003239898812645079,
            "low": 0.0033833228339062156
        },
        "fracBB": {
            "high": 0.006421454017153301,
            "low": 0.00615021601284426
        },
        "stats": {
            "high": 0.01745090566266616,
            "low": 0.016087651252746582
        },
        "fracLight": {
            "high": 0.001151637866076206,
            "low": 0.0010712820146229832
        },
        "pu": {
            "high": 0.0050555882416232325,
            "low": 0.007904822542660664
        },
        "fracCC": {
            "high": 0.0043047949891867774,
            "low": 0.004276144531082155
        },
        "psWeightIsr": {
            "high": 0.005687574769137966,
            "low": 0.005402944765394771
        },
        "lumi_13TeV": {
            "high": 0.00028805960944106073,
            "low": 0.0
        },
        "l1PreFiring": {
            "high": 0.0,
            "low": 0.0
        },
        "psWeightFsr": {
            "high": 0.007298054036880348,
            "low": 0.00672425175160943
        },
        "extSfBDTVariation": {
            "high": 0.021645969678898258,
            "low": 0.01826294358375841
        },
        "extVarRwgt": {
            "high": 0.05242924472573485,
            "low": 0.05242924472573485
        },
        "final": {
            "central": 1.217847354877248,
            "high": 0.06088534975720728,
            "low": 0.05957316335334433
        }
    },
    "WP1_pt500to100000": {
        "jer": {
            "high": 0.00017455478906766288,
            "low": 0.00033021038095593796
        },
        "jes": {
            "high": 0.007438903536185242,
            "low": 0.007491527230909379
        },
        "fracBB": {
            "high": 0.005528694684795165,
            "low": 0.005171218460812087
        },
        "stats": {
            "high": 0.016407769492826185,
            "low": 0.016239484886441335
        },
        "fracLight": {
            "high": 3.936056628583991e-05,
            "low": 0.00029876322996249676
        },
        "pu": {
            "high": 0.0002424901745166829,
            "low": 0.00022771831627818354
        },
        "fracCC": {
            "high": 0.004213642586438829,
            "low": 0.004043052727679007
        },
        "psWeightIsr": {
            "high": 0.008312133358983429,
            "low": 0.007921384656140435
        },
        "lumi_13TeV": {
            "high": 0.0,
            "low": 0.0002157270856841669
        },
        "l1PreFiring": {
            "high": 0.0,
            "low": 0.0
        },
        "psWeightFsr": {
            "high": 0.006917682938799457,
            "low": 0.006089620019864271
        },
        "extSfBDTVariation": {
            "high": 0.014937725878234479,
            "low": 0.01586353111425745
        },
        "extVarRwgt": {
            "high": 0.0368012399729889,
            "low": 0.0368012399729889
        },