{
    "WP1_pt200to250": {
        "jer": {
            "high": 0.00479631367048387,
            "low": 0.005595362798719423
        },
        "jes": {
            "high": 0.009324811344031618,
            "low": 0.008719430642198963
        },
        "fracBB": {
            "high": 0.010850817441888523,
            "low": 0.01012679440547311
        },
        "stats": {
            "high": 0.0944244328318955,
            "low": 0.08854122128470032
        },
        "fracLight": {
            "high": 0.006064310519150542,
            "low": 0.0051913607714739515
        },
        "pu": {
            "high": 0.0,
            "low": 0.0009093975424369546
        },
        "fracCC": {
            "high": 0.025014223155185682,
            "low": 0.021455494732090838
        },
        "psWeightIsr": {
            "high": 0.005698545728372032,
            "low": 0.005139395993355078
        },
        "lumi_13TeV": {
            "high": 0.001893871854489335,
            "low": 0.0005689532553255111
        },
        "l1PreFiring": {
            "high": 0.0,
            "low": 0.0
        },
        "psWeightFsr": {
            "high": 0.04024606019616941,
            "low": 0.02915204751478616
        },
        "extSfBDTVariation": {
            "high": 0.050945840440404185,
            "low": 0.046488228398289866
        },
        "extVarRwgt": {
            "high": 0.048116514610739625,
            "low": 0.048116514610739625
        },
        "final": {
            "central": 1.08043429734008,
            "high": 0.12795559459766612,
            "low": 0.11785790259046552
        }
    },
    "WP1_pt250to300": {
        "jer": {
            "high": 0.011051051700748212,
            "low": 0.009867676071234864
        },
        "jes": {
            "high": 0.00605847276201579,
            "low": 0.005198804425118805
        },
        "fracBB": {
            "high": 0.01630503432926226,
            "low": 0.01500690759246624
        },
        "stats": {
            "high": 0.07518155494273149,
            "low": 0.07145486029143289
        },
        "fracLight": {
            "high": 0.008429988843813905,
            "low": 0.007652140870006155
        },
        "pu": {
            "high": 0.000332565535929805,
            "low": 0.0005731999673015983
        },
        "fracCC": {
            "high": 0.022028930743133397,
            "low": 0.019191408018871956
        },
        "psWeightIsr": {
            "high": 0.005935746047062663,
            "low": 0.005060739066292873
        },
        "lumi_13TeV": {
            "high": 0.0,
            "low": 0.0004385194272193176
        },
        "l1PreFiring": {
            "high": 0.0,
            "low": 0.0
        },
        "psWeightFsr": {
            "high": 0.0054004074013446245,
            "low": 0.005520861861133261
        },
        "extSfBDTVariation": {
            "high": 0.04001291354109272,
            "low": 0.0342655618071068
        },
        "extVarRwgt": {
            "high": 0.06573970946751762,
            "low": 0.06573970946751762
        },
        "final": {
            "central": 1.0391647769484382,
            "high": 0.11234111758611677,
            "low": 0.10693324232811503
        }
    },
    "WP1_pt300to400": {
        "jer": {
            "high": 0.002882905816561678,
            "low": 0.0028334983760159413
        },
        "jes": {
            "high": 0.005210604125820223,
            "low": 0.004952925741016246
        },
        "fracBB": {
            "high": 0.013231862383408566,
            "low": 0.012672521013617908
        },
        "stats": {
            "high": 0.03914392253852861,
            "low": 0.03814586928422714
        },
        "fracLight": {
            "high": 0.0011433624105371906,
            "low": 0.0011710696235478664
        },
        "pu": {
            "high": 0.00021362847753231658,
            "low": 0.00014369678287670329
        },
        "fracCC": {
            "high": 0.01266167930536922,
            "low": 0.011891457248727684
        },
        "psWeightIsr": {
            "high": 0.0045443566703541865,
            "low": 0.004429837490561295
        },
        "lumi_13TeV": {
            "high": 0.0005106413361777683,
            "low": 0.0006703724828551215
        },
        "l1PreFiring": {
            "high": 0.0,
            "low": 0.0
        },
        "psWeightFsr": {
            "high": 0.002259073728385858,
            "low": 0.0015436252461641304
        },
        "extSfBDTVariation": {
            "high": 0.024470668406368187,
            "low": 0.022124520211087944
        },
        "extVarRwgt": {
            "high": 0.06562492427426525,
            "low": 0.06562492427426525
        },
        "final": {
            "central": 1.1407560944684518,
            "high": 0.08267962915488065,
            "low": 0.08129969154918606
        }
    },
    "WP1_pt400to500": {
        "jer": {
            "high": 0.001103952141960101,
            "low": 0.0009961422619034523
        },
        "jes": {
            "high": 0.006002785587144179,
            "low": 0.00588959804023534
        },
        "fracBB": {
            "high": 0.009973451185277805,
            "low": 0.009607363123127294
        },
        "stats": {
            "high": 0.029907397932274815,
            "low": 0.02913134273127138
        },
        "fracLight": {
            "high": 0.0004254881888131045,
            "low": 0.0006238214119181344
        },
        "pu": {
            "high": 0.004191215739196147,
            "low": 0.003979013790510894
        },
        "fracCC": {
            "high": 0.011015699315786328,
            "low": 0.010516859204298457
        },
        "psWeightIsr": {
            "high": 0.006270584179496964,
            "low": 0.0059261899058748865
        },
        "lumi_13TeV": {
            "high": 0.000779030956859983,
            "low": 0.0011014691763864767
        },
        "l1PreFiring": {
            "high": 0.0,
            "low": 0.0
        },
        "psWeightFsr": {
            "high": 0.04106906681832955,
            "low": 0.016492392900060528
        },
        "extSfBDTVariation": {
            "high": 0.0,
            "low": 0.02117813487700742
        },
        "extVarRwgt": {
            "high": 0.05502698752254154,
            "low": 0.05502698752254154
        },
        "final": {
            "central": 1.0582267314598464,
            "high": 0.07158661203296973,
            "low": 0.0699160710337877
        }
    },
    "WP1_pt500to100000": {
        "jer": {
            "high": 0.0007677777630912651,
            "low": 0.0008071564880898612
        },
        "jes": {
            "high": 0.004997653126003539,
            "low": 0.004758830021879254
        },
        "fracBB": {
            "high": 0.012652736345317807,
            "low": 0.01214328919110565
        },
        "stats": {
            "high": 0.03201552713745792,
            "low": 0.03129635951053167
        },
        "fracLight": {
            "high": 0.004747460180428087,
            "low": 0.004439203735829294
        },
        "pu": {
            "high": 0.0011384295361762163,
            "low": 0.0008232714505105408
        },
        "fracCC": {
            "high": 0.01065784116158414,
            "low": 0.00979930834015438
        },
        "psWeightIsr": {
            "high": 0.005828011490216741,
            "low": 0.005445818276681541
        },
        "lumi_13TeV": {
            "high": 0.0011239083397080588,
            "low": 0.0012070092910071882
        },
        "l1PreFiring": {
            "high": 0.0,
            "low": 0.0
        },
        "psWeightFsr": {
            "high": 0.011002512626209512,
            "low": 0.010688124771431794
        },
        "extSfBDTVariation": {
            "high": 0.027428533735158533,
            "low": 0.018033258309948223
        },
        "extVarRwgt": {
            "high": 0.06762998580282631,