{
    "WP1_pt200to400": {
        "jer": {
            "high": 0.003342633474802024,
            "low": 0.003287922327082623
        },
        "jes": {
            "high": 0.003053805410074934,
            "low": 0.0027124242731847155
        },
        "fracBB": {
            "high": 0.011372919528539051,
            "low": 0.010480346940533333
        },
        "stats": {
            "high": 0.07077965893707638,
            "low": 0.06735420645492063
        },
        "fracLight": {
            "high": 0.0026788396431604283,
            "low": 0.0024037826805372283
        },
        "pu": {
            "high": 0.000689334414640044,
            "low": 0.0
        },
        "fracCC": {
            "high": 0.011603047495739252,
            "low": 0.010532520649173063
        },
        "psWeightIsr": {
            "high": 0.0108621915224845,
            "low": 0.009145499439344828
        },
        "lumi_13TeV": {
            "high": 0.0002959958236594693,
            "low": 0.00043227666171368406
        },
        "l1PreFiring": {
            "high": 0.0,
            "low": 0.0
        },
        "psWeightFsr": {
            "high": 0.0024825028254893524,
            "low": 0.001641770775958167
        },
        "extSfBDTVariation": {
            "high": 0.020405846301051148,
            "low": 0.02060073597711733
        },
        "extVarRwgt": {
            "high": 0.07430539131728886,
            "low": 0.07430539131728886
        },
        "final": {
            "central": 1.1883019760012774,
            "high": 0.10660118104126791,
            "low": 0.10398762038674934
        }
    },
    "WP1_pt400to100000": {
        "jer": {
            "high": 0.003444592786568277,
            "low": 0.0034018528094714407
        },
        "jes": {
            "high": 0.005468713523368513,
            "low": 0.005780987228325755
        },
        "fracBB": {
            "high": 0.010045125428314238,
            "low": 0.009456681826076443
        },
        "stats": {
            "high": 0.04332908481073683,
            "low": 0.04181787316812158
        },
        "fracLight": {
            "high": 0.0006594843503707359,
            "low": 0.00177266868347197
        },
        "pu": {
            "high": 0.005041889183022204,
            "low": 0.004555332532778028
        },
        "fracCC": {
            "high": 0.009990117103323795,
            "low": 0.008854981285093535
        },
        "psWeightIsr": {
            "high": 0.011599030034881701,
            "low": 0.011142999350228645
        },
        "lumi_13TeV": {
            "high": 0.0012858633255973158,
            "low": 0.0014283516894801672
        },
        "l1PreFiring": {
            "high": 0.0,
            "low": 0.0
        },
        "psWeightFsr": {
            "high": 0.010594461701851932,
            "low": 0.009951451748952856
        },
        "extSfBDTVariation": {
            "high": 0.02499026613523384,
            "low": 0.021818201977932765
        },
        "extVarRwgt": {
            "high": 0.07311075357288033,
            "low": 0.07311075357288033
        },
        "final": {
            "central": 1.0932824396007332,
            "high": 0.09145421498679755,
            "low": 0.08962094680466784
        }
    },
    "WP2_pt200to400": {
        "jer": {
            "high": 0.000790077017728378,
            "low": 0.0
        },
        "jes": {
            "high": 0.006057894369028067,
            "low": 0.0061221831464494045
        },
        "fracBB": {
            "high": 0.011209970935531789,
            "low": 0.010232447990138975
        },
        "stats": {
            "high": 0.03774588900587261,
            "low": 0.03671953268120087
        },
        "fracLight": {
            "high": 0.00045200545438174464,
            "low": 0.00013637282846583419
        },
        "pu": {
            "high": 0.0009014437248094876,
            "low": 0.0008207325404360252
        },
        "fracCC": {
            "high": 0.009122571474473803,
            "low": 0.00871409956902902
        },
        "psWeightIsr": {
            "high": 0.003500999295095388,
            "low": 0.0014546748358980142
        },
        "lumi_13TeV": {
            "high": 0.0,
            "low": 0.0006531817890603658
        },
        "l1PreFiring": {
            "high": 0.0,
            "low": 0.0
        },
        "psWeightFsr": {
            "high": 0.0,
            "low": 0.00509172213591659
        },
        "extSfBDTVariation": {
            "high": 0.03679547060554843,
            "low": 0.02645772813625028
        },
        "extVarRwgt": {
            "high": 0.05478319792574915,
            "low": 0.05478319792574915
        },
        "final": {
            "central": 1.0865854152112209,
            "high": 0.07763114134712483,
            "low": 0.07277782496579129
        }
    },
    "WP2_pt400to100000": {
        "jer": {
            "high": 0.0015974341576224813,
            "low": 0.0015589063056807764
        },
        "jes": {
            "high": 0.008934331107793314,
            "low": 0.008652544742694281
        },
        "fracBB": {
            "high": 0.00800287250986489,
            "low": 0.007778194175625586
        },
        "stats": {
            "high": 0.026188449721206153,
            "low": 0.025536842908901458
        },
        "fracLight": {
            "high": 0.0001673170163586452,
            "low": 0.00041085236876667124
        },
        "pu": {
            "high": 0.002064560633410832,
            "low": 0.0020373110436322163
        },
        "fracCC": {
            "high": 0.007636464688514683,
            "low": 0.007290701136618684
        },
        "psWeightIsr": {
            "high": 0.004849430724738645,
            "low": 0.004814978817903576
        },
        "lumi_13TeV": {
            "high": 0.0008534713408384224,
            "low": 0.0006446332100538998
        },
        "l1PreFiring": {
            "high": 0.0,
            "low": 0.0
        },
        "psWeightFsr": {
            "high": 0.01749850071606843,
            "low": 0.02551359720482255
        },
        "extSfBDTVariation": {
            "high": 0.030350220640787358,
            "low": 0.014798566610408665
        },
        "extVarRwgt": {
            "high": 0.04995057512255996,
            "low": 0.04995057512255996
        },
        "final": {
            "central": 0.9882224057436821,
            "high": 0.06812855275863226,
            "low": 0.06508457476946658
        }
    }
}