{
    "WP1_pt200to400": {
        "jer": {
            "high": 0.0010954071719103684,
            "low": 0.000535278128393602
        },
        "jes": {
            "high": 0.0015532052462773336,
            "low": 0.0012913109158427946
        },
        "fracBB": {
            "high": 0.007287458798333634,
            "low": 0.0068629506674802426
        },
        "stats": {
            "high": 0.043358604290206104,
            "low": 0.04149215894049274
        },
        "fracLight": {
            "high": 0.0,
            "low": 0.0
        },
        "pu": {
            "high": 0.0015165240566323277,
            "low": 0.0011401442264066483
        },
        "fracCC": {
            "high": 0.007270999686183335,
            "low": 0.006835623803320007
        },
        "psWeightIsr": {
            "high": 0.0012177591248441516,
            "low": 0.0008642133855471408
        },
        "lumi_13TeV": {
            "high": 0.0012930187453836191,
            "low": 0.001414647315497081
        },
        "l1PreFiring": {
            "high": 0.0,
            "low": 0.0
        },
        "psWeightFsr": {
            "high": 0.007206638481661106,
            "low": 0.004560030769993994
        },
        "extSfBDTVariation": {
            "high": 0.01795858756729336,
            "low": 0.020217038695758163
        },
        "extVarRwgt": {
            "high": 0.03269955911782363,
            "low": 0.03269955911782363
        },
        "final": {
            "central": 1.0269575984480515,
            "high": 0.05863549820446854,
            "low": 0.057610406959211005
        }
    },
    "WP1_pt400to100000": {
        "jer": {
            "high": 0.0026841422228242686,
            "low": 0.002285187971150778
        },
        "jes": {
            "high": 0.0022321405822947928,
            "low": 0.002067105483097351
        },
        "fracBB": {
            "high": 0.0072480375927489234,
            "low": 0.017282065394285694
        },
        "stats": {
            "high": 0.02691596820548936,
            "low": 0.026198673657511495
        },
        "fracLight": {
            "high": 0.0010364224495119348,
            "low": 0.0020298485005994047
        },
        "pu": {
            "high": 0.004731013712377697,
            "low": 0.004622796593368262
        },
        "fracCC": {
            "high": 0.00454032589697649,
            "low": 0.004658799159676111
        },
        "psWeightIsr": {
            "high": 0.006814037500719724,
            "low": 0.004625191375028916
        },
        "lumi_13TeV": {
            "high": 0.001721835083786081,
            "low": 0.001786500418367563
        },
        "l1PreFiring": {
            "high": 0.0,
            "low": 0.0
        },
        "psWeightFsr": {
            "high": 0.004262105578501743,
            "low": 0.003023960217574468
        },
        "extSfBDTVariation": {
            "high": 0.014559590199709802,
            "low": 0.0
        },
        "extVarRwgt": {
            "high": 0.04876302781703723,
            "low": 0.04876302781703723
        },
        "final": {
            "central": 1.0300246546436094,
            "high": 0.059081618136908744,
            "low": 0.058448678133169604
        }
    },
    "WP2_pt200to400": {
        "jer": {
            "high": 0.0008619379655492245,
            "low": 0.0008208603971138872
        },
        "jes": {
            "high": 0.000355377700676923,
            "low": 0.00037013995561592435
        },
        "fracBB": {
            "high": 0.006506274923654894,
            "low": 0.006315153793077238
        },
        "stats": {
            "high": 0.020845446366938747,
            "low": 0.020460544360548005
        },
        "fracLight": {
            "high": 0.0005459494467880965,
            "low": 0.0005467095609718697
        },
        "pu": {
            "high": 0.002438848925672978,
            "low": 0.002415682683206839
        },
        "fracCC": {
            "high": 0.006079998450822314,
            "low": 0.005835490214186859
        },
        "psWeightIsr": {
            "high": 0.003263895501060843,
            "low": 0.0030474376556988148
        },
        "lumi_13TeV": {
            "high": 0.0013867051629760875,
            "low": 0.0014687749589218778
        },
        "l1PreFiring": {
            "high": 0.0,
            "low": 0.0
        },
        "psWeightFsr": {
            "high": 0.004449391071955247,
            "low": 0.004906925795557758
        },
        "extSfBDTVariation": {
            "high": 0.01512460609692168,
            "low": 0.015079100768343656
        },
        "extVarRwgt": {
            "high": 0.028894935521478926,
            "low": 0.028894935521478926
        },
        "final": {
            "central": 1.000159966522934,
            "high": 0.04021181366673145,
            "low": 0.039966634762374754
        }
    },
    "WP2_pt400to100000": {
        "jer": {
            "high": 0.0,
            "low": 7.065850960857203e-05
        },
        "jes": {
            "high": 0.0014514918247956435,
            "low": 0.00015263705653597432
        },
        "fracBB": {
            "high": 0.0066113592975562095,
            "low": 0.009761346698086265
        },
        "stats": {
            "high": 0.015832907011604225,
            "low": 0.01395958662033081
        },
        "fracLight": {
            "high": 0.0015465019635792668,
            "low": 0.001522226246081786
        },
        "pu": {
            "high": 0.0019177988745756323,
            "low": 7.065594527928579e-05
        },
        "fracCC": {
            "high": 0.004411045203451011,
            "low": 0.004279309685366504
        },
        "psWeightIsr": {
            "high": 0.0003200743016011882,
            "low": 0.0005267207259365834
        },
        "lumi_13TeV": {
            "high": 0.0008973698400969327,
            "low": 0.0
        },
        "l1PreFiring": {
            "high": 0.0,
            "low": 0.0
        },
        "psWeightFsr": {
            "high": 0.005346167525188498,
            "low": 0.005021814764747856
        },
        "extSfBDTVariation": {
            "high": 0.03167841987150875,
            "low": 0.018038867240944518
        },
        "extVarRwgt": {
            "high": 0.0609999905177262,
            "low": 0.0609999905177262
        },
        "final": {
            "central": 0.9623886953525923,
            "high": 0.07124625888609018,
            "low": 0.06620199549362074
        }
    },
    "WP3_pt200to400": {
        "jer": {
            "high": 0.0005820050568872951,
            "low": 0.0006683448866668763
        },
        "jes": {
            "high": 0.001532013646826002,
            "low": 0.0014106288816037762
        },
        "fracBB": {
            "high": 0.006423040854514856,
            "low": 0.006251314495639095
        },
        "stats": {
            "high": 0.016905543177406557,
            "low": 0.01665987969736127
        },
        "fracLight": {
            "high": 0.0008941932126457304,
            "low": 0.0008880208501714541
        },
        "pu": {
            "high": 0.0002738558742100201,
            "low": 0.00038384364624733487
        },
        "fracCC": {
            "high": 0.005840960702482143,
            "low": 0.005625918883155659
        },
        "psWeightIsr": {
            "high": 8.424444562879697e-05,
            "low": 0.00013794867406695646
        },
        "lumi_13TeV": {
            "high": 0.0011576217146441771,
            "low": 0.0012419187525769305
        },
        "l1PreFiring": {
            "high": 0.0,
            "low": 0.0
        },
        "psWeightFsr": {
            "high": 0.004487839143426689,
            "low": 0.004713462836402671
        },
        "extSfBDTVariation": {
            "high": 0.020772727182111178,
            "low": 0.017575746606085237
        },
        "extVarRwgt": {
            "high": 0.020073849245463626,