{
    "WP1_pt200to400": {
        "jer": {
            "high": 0.0008097987085251797,
            "low": 0.0006025410231626068
        },
        "jes": {
            "high": 0.0046135404048814515,
            "low": 0.004325295710039176
        },
        "fracBB": {
            "high": 0.007158225733433832,
            "low": 0.00793583019872466
        },
        "stats": {
            "high": 0.0487198048698223,
            "low": 0.04728676415330413
        },
        "fracLight": {
            "high": 0.004547088312311022,
            "low": 0.0033102078979533028
        },
        "pu": {
            "high": 0.0035354281650990535,
            "low": 0.0
        },
        "fracCC": {
            "high": 0.00858834156662379,
            "low": 0.00756463676808052
        },
        "psWeightIsr": {
            "high": 0.004851206059443913,
            "low": 0.004455013623151557
        },
        "lumi_13TeV": {
            "high": 0.0011446624220630244,
            "low": 0.0012001019250601035
        },
        "l1PreFiring": {
            "high": 0.0,
            "low": 0.0
        },
        "psWeightFsr": {
            "high": 0.013927733297211597,
            "low": 0.013000843322391072
        },
        "extSfBDTVariation": {
            "high": 0.050170711551047006,
            "low": 0.03619394740101999
        },
        "extVarRwgt": {
            "high": 0.12091446885548884,
            "low": 0.12091446885548884
        },
        "final": {
            "central": 1.3566989732201225,
            "high": 0.14110269405560247,
            "low": 0.13601938805019076
        }
    },
    "WP1_pt400to100000": {
        "jer": {
            "high": 0.0009910436257462138,
            "low": 0.000945963208198853
        },
        "jes": {
            "high": 0.004963068886587104,
            "low": 0.0048637850879447485
        },
        "fracBB": {
            "high": 0.004744913801734622,
            "low": 0.00449728373690362
        },
        "stats": {
            "high": 0.02411869285388457,
            "low": 0.023678911512845735
        },
        "fracLight": {
            "high": 0.0,
            "low": 0.0005590274933934932
        },
        "pu": {
            "high": 0.0006667783935191533,
            "low": 0.000786261932678346
        },
        "fracCC": {
            "high": 0.003672630115459838,
            "low": 0.003509254074825182
        },
        "psWeightIsr": {
            "high": 0.005125298925178206,
            "low": 0.004972290771768321
        },
        "lumi_13TeV": {
            "high": 0.0013776257250284955,
            "low": 0.001088436728479057
        },
        "l1PreFiring": {
            "high": 0.0,
            "low": 0.0
        },
        "psWeightFsr": {
            "high": 0.0034865525246315808,
            "low": 0.002630360966611779
        },
        "extSfBDTVariation": {
            "high": 0.018343407003253535,
            "low": 0.015873852517566744
        },
        "extVarRwgt": {
            "high": 0.06071432386388653,
            "low": 0.06071432386388653
        },
        "final": {
            "central": 1.2231157952649425,
            "high": 0.06860463608395029,
            "low": 0.06774768432785841
        }
    },
    "WP2_pt200to400": {
        "jer": {
            "high": 0.0,
            "low": 0.00035484858898199686
        },
        "jes": {
            "high": 0.0006070657596166544,
            "low": 0.000794467593054233
        },
        "fracBB": {
            "high": 0.007396577466604594,
            "low": 0.010524704670499164
        },
        "stats": {
            "high": 0.0221673642410114,
            "low": 0.021838755461100368
        },
        "fracLight": {
            "high": 0.0014814760955580383,
            "low": 0.0023116329558905495
        },
        "pu": {
            "high": 0.003981172277141437,
            "low": 0.00639926370416194
        },
        "fracCC": {
            "high": 0.005658577446139917,
            "low": 0.0035843460960337686
        },
        "psWeightIsr": {
            "high": 0.008043003798292037,
            "low": 0.006837714774836276
        },
        "lumi_13TeV": {
            "high": 0.0010502464820646344,
            "low": 0.001046526272828417
        },
        "l1PreFiring": {
            "high": 0.0,
            "low": 0.0
        },
        "psWeightFsr": {
            "high": 0.008973345836105545,
            "low": 0.010301554113430778
        },
        "extSfBDTVariation": {
            "high": 0.0347415960737061,
            "low": 0.0357608210756272
        },
        "extVarRwgt": {
            "high": 0.08341465807664661,
            "low": 0.08341465807664661
        },
        "final": {
            "central": 1.2181609367947768,
            "high": 0.09438097812729367,
            "low": 0.09507056636185231
        }
    },
    "WP2_pt400to100000": {
        "jer": {
            "high": 0.0007193272027596962,
            "low": 0.0007127638648628524
        },
        "jes": {
            "high": 0.0024954684079610168,
            "low": 0.0024721047412799646
        },
        "fracBB": {
            "high": 0.00456602348370109,
            "low": 0.004482378253867597
        },
        "stats": {
            "high": 0.013164442620902994,
            "low": 0.013021133578121846
        },
        "fracLight": {
            "high": 0.0,
            "low": 0.0004107101277602105
        },
        "pu": {
            "high": 0.0004564617505577927,
            "low": 0.0003347362116423302
        },
        "fracCC": {
            "high": 0.0031255556937915974,
            "low": 0.0030361743736245
        },
        "psWeightIsr": {
            "high": 0.004385851760620596,
            "low": 0.004173644951668371
        },
        "lumi_13TeV": {
            "high": 0.0009535687489447033,
            "low": 0.0009980670066956285
        },
        "l1PreFiring": {
            "high": 0.0,
            "low": 0.0
        },
        "psWeightFsr": {
            "high": 0.006742284499030783,
            "low": 0.006106788525809705
        },
        "extSfBDTVariation": {
            "high": 0.013583011119960424,
            "low": 0.013603609215087652
        },
        "extVarRwgt": {
            "high": 0.05894533463224416,
            "low": 0.05894533463224416
        },
        "final": {
            "central": 1.1443485540745417,
            "high": 0.0627334030051635,
            "low": 0.06261851985820087
        }
    },
    "WP3_pt200to400": {
        "jer": {
            "high": 0.0030445390199255805,
            "low": 0.0026474480155713443
        },
        "jes": {
            "high": 0.004682162964424944,
            "low": 0.0036527137754975305
        },
        "fracBB": {
            "high": 0.005317879241991889,
            "low": 0.005322369302783979
        },
        "stats": {
            "high": 0.016324988416969166,
            "low": 0.016128189811059013
        },
        "fracLight": {
            "high": 0.0004972893679392199,
            "low": 0.0005680382056357961
        },
        "pu": {
            "high": 0.0004522568986770616,
            "low": 0.000556891347832707
        },
        "fracCC": {
            "high": 0.004338354496587081,
            "low": 0.00441256130772709
        },
        "psWeightIsr": {
            "high": 0.004148198001038241,
            "low": 0.004284851032610742
        },
        "lumi_13TeV": {
            "high": 0.0004881181148115391,
            "low": 0.0005715855218037866
        },
        "l1PreFiring": {
            "high": 0.0,
            "low": 0.0
        },
        "psWeightFsr": {
            "high": 0.007395205967061747,
            "low": 0.00747596163484152
        },
        "extSfBDTVariation": {
            "high": 0.03860093147043858,
            "low": 0.048280466727288335
        },
        "extVarRwgt": {
            "high": 0.06736644037837358,