{
    "WP1_pt200to400": {
        "jer": {
            "high": 0.0002547030093549148,
            "low": 0.0
        },
        "jes": {
            "high": 0.0043083180015739105,
            "low": 0.003970135772261704
        },
        "fracBB": {
            "high": 0.009477611955322504,
            "low": 0.008842292363603713
        },
        "stats": {
            "high": 0.04718425659580339,
            "low": 0.04570641881211057
        },
        "fracLight": {
            "high": 0.0042608149062491885,
            "low": 0.004031616098517134
        },
        "pu": {
            "high": 0.0026799818029284187,
            "low": 0.002665126249396078
        },
        "fracCC": {
            "high": 0.0065739698447382635,
            "low": 0.0064381698583532015
        },
        "psWeightIsr": {
            "high": 0.014588244293120941,
            "low": 0.011815920734285364
        },
        "lumi_13TeV": {
            "high": 0.0,
            "low": 0.000344354633319203
        },
        "l1PreFiring": {
            "high": 0.0,
            "low": 0.0
        },
        "psWeightFsr": {
            "high": 0.013976628163349644,
            "low": 0.013378682452126901
        },
        "extSfBDTVariation": {
            "high": 0.06113001121285883,
            "low": 0.0399308396415909
        },
        "extVarRwgt": {
            "high": 0.13977437658916547,
            "low": 0.13977437658916547
        },
        "final": {
            "central": 1.3351072501302905,
            "high": 0.16150930786282064,
            "low": 0.1539411266961225
        }
    },
    "WP1_pt400to100000": {
        "jer": {
            "high": 0.0006854639924548159,
            "low": 0.0007802447931997219
        },
        "jes": {
            "high": 0.00873453044261972,
            "low": 0.009103912747736661
        },
        "fracBB": {
            "high": 0.004007225867811743,
            "low": 0.0032513773279150113
        },
        "stats": {
            "high": 0.025658015167976167,
            "low": 0.025129261090711674
        },
        "fracLight": {
            "high": 0.00025032191151848435,
            "low": 0.0
        },
        "pu": {
            "high": 0.0023244518680192155,
            "low": 0.001599376211895894
        },
        "fracCC": {
            "high": 0.0036955940152498205,
            "low": 0.0035511553633436497
        },
        "psWeightIsr": {
            "high": 0.013458553910493396,
            "low": 0.01306469631276538
        },
        "lumi_13TeV": {
            "high": 0.0,
            "low": 0.00013735023690324488
        },
        "l1PreFiring": {
            "high": 0.0,
            "low": 0.0
        },
        "psWeightFsr": {
            "high": 0.004084262306375723,
            "low": 0.0044314512375650695
        },
        "extSfBDTVariation": {
            "high": 0.0350439446531404,
            "low": 0.01896745155048797
        },
        "extVarRwgt": {
            "high": 0.03867382129594921,
            "low": 0.03867382129594921
        },
        "final": {
            "central": 1.3343095655621906,
            "high": 0.06076040608467344,
            "low": 0.05278637018020351
        }
    },
    "WP2_pt200to400": {
        "jer": {
            "high": 0.00230756770618309,
            "low": 0.0024613000781158814
        },
        "jes": {
            "high": 0.0012739130513773225,
            "low": 0.0012510509304950116
        },
        "fracBB": {
            "high": 0.006753187307843007,
            "low": 0.006594626368748444
        },
        "stats": {
            "high": 0.023632448167435927,
            "low": 0.023244033788225815
        },
        "fracLight": {
            "high": 0.0015845749438879767,
            "low": 0.0015627003819740366
        },
        "pu": {
            "high": 0.0011765075144477446,
            "low": 0.0011670912899274266
        },
        "fracCC": {
            "high": 0.004873032196691747,
            "low": 0.004717386692398569
        },
        "psWeightIsr": {
            "high": 0.005666108988460226,
            "low": 0.005961971949250918
        },
        "lumi_13TeV": {
            "high": 0.00016534765589117431,
            "low": 0.0
        },
        "l1PreFiring": {
            "high": 0.0,
            "low": 0.0
        },
        "psWeightFsr": {
            "high": 0.01345890154931252,
            "low": 0.0127173130824424
        },
        "extSfBDTVariation": {
            "high": 0.0362125860499145,
            "low": 0.03362468593475846
        },
        "extVarRwgt": {
            "high": 0.0852157347820317,
            "low": 0.0852157347820317
        },
        "final": {
            "central": 1.204351229015808,
            "high": 0.09708261617587015,
            "low": 0.09595202296379962
        }
    },
    "WP2_pt400to100000": {
        "jer": {
            "high": 0.0003269809006239647,
            "low": 0.0002605441441847453
        },
        "jes": {
            "high": 0.004071256234585211,
            "low": 0.003982712545327069
        },
        "fracBB": {
            "high": 0.004312918615840371,
            "low": 0.004265806355973086
        },
        "stats": {
            "high": 0.014421397702388816,
            "low": 0.014253504606314582
        },
        "fracLight": {
            "high": 0.0005834401065928883,
            "low": 0.0006708541121203072
        },
        "pu": {
            "high": 0.0013876455452916411,
            "low": 0.0016303478147983396
        },
        "fracCC": {
            "high": 0.002740423355219633,
            "low": 0.0025961884996249115
        },
        "psWeightIsr": {
            "high": 0.006186749778493207,
            "low": 0.005956671700465095
        },
        "lumi_13TeV": {
            "high": 0.00013854871719475113,
            "low": 9.536080150059094e-05
        },
        "l1PreFiring": {
            "high": 0.0,
            "low": 0.0
        },
        "psWeightFsr": {
            "high": 0.006439226906013522,
            "low": 0.00587645477534684
        },
        "extSfBDTVariation": {
            "high": 0.021476205837099648,
            "low": 0.017782687079066373
        },
        "extVarRwgt": {
            "high": 0.042372568487781814,
            "low": 0.042372568487781814
        },
        "final": {
            "central": 1.1647376331647097,
            "high": 0.050886703512043455,
            "low": 0.04928305921938342
        }
    }
}
