{
    "WP1_pt200to250": {
        "jer": {
            "high": 0.009201299280089302,
            "low": 0.009065227741775567
        },
        "jes": {
            "high": 0.014665553635361506,
            "low": 0.013111079769086407
        },
        "fracBB": {
            "high": 0.0116286228360962,
            "low": 0.01059860510795385
        },
        "stats": {
            "high": 0.1435814045679844,
            "low": 0.12897760048874674
        },
        "fracLight": {
            "high": 0.003205389516084006,
            "low": 0.0016543753954909332
        },
        "pu": {
            "high": 0.007911546714189602,
            "low": 0.006331259825974707
        },
        "fracCC": {
            "high": 0.016742007001704407,
            "low": 0.014040807188485946
        },
        "psWeightIsr": {
            "high": 0.003681029845687644,
            "low": 0.004614125515239198
        },
        "lumi_13TeV": {
            "high": 0.00015567175209999315,
            "low": 0.0012922849298541825
        },
        "l1PreFiring": {
            "high": 0.0,
            "low": 0.0
        },
        "psWeightFsr": {
            "high": 0.04246794029038724,
            "low": 0.030302629737012754
        },
        "extSfBDTVariation": {
            "high": 0.05893688369868142,
            "low": 0.06322221041172282
        },
        "extVarRwgt": {
            "high": 0.019143037120648243,
            "low": 0.019143037120648243
        },
        "final": {
            "central": 1.129738064046708,
            "high": 0.16450185764209513,
            "low": 0.15015428726268068
        }
    },
    "WP1_pt250to300": {
        "jer": {
            "high": 0.0059541060693716185,
            "low": 0.004594361590085847
        },
        "jes": {
            "high": 0.0,
            "low": 0.002400490389375156
        },
        "fracBB": {
            "high": 0.012258854905326739,
            "low": 0.012399594578074236
        },
        "stats": {
            "high": 0.1098182252835509,
            "low": 0.10176945244222324
        },
        "fracLight": {
            "high": 0.006214841323433045,
            "low": 0.0031381414497768565
        },
        "pu": {
            "high": 0.009066160732588651,
            "low": 0.007543028995641078
        },
        "fracCC": {
            "high": 0.019481769216337274,
            "low": 0.016050758794934696
        },
        "psWeightIsr": {
            "high": 0.004500613210380985,
            "low": 0.004116269626385487
        },
        "lumi_13TeV": {
            "high": 0.0,
            "low": 0.00182691197107862
        },
        "l1PreFiring": {
            "high": 0.0,
            "low": 0.0
        },
        "psWeightFsr": {
            "high": 0.010115738572141608,
            "low": 0.011116914409204913
        },
        "extSfBDTVariation": {
            "high": 0.017552620309175235,
            "low": 0.01836982018234623
        },
        "extVarRwgt": {
            "high": 0.05272161811018594,
            "low": 0.05272161811018594
        },
        "final": {
            "central": 1.1839971936888092,
            "high": 0.126273391686907,
            "low": 0.11883980967402434
        }
    },
    "WP1_pt300to400": {
        "jer": {
            "high": 0.004937470919067341,
            "low": 0.004671888145353295
        },
        "jes": {
            "high": 0.004616378626796213,
            "low": 0.004572842566590014
        },
        "fracBB": {
            "high": 0.008186498689416328,
            "low": 0.007663600383088854
        },
        "stats": {
            "high": 0.05290114400201951,
            "low": 0.05072112187990485
        },
        "fracLight": {
            "high": 0.0009213790980631189,
            "low": 0.0002851809262310347
        },
        "pu": {
            "high": 0.003877557330702374,
            "low": 0.0033163953595172903
        },
        "fracCC": {
            "high": 0.00808368167841478,
            "low": 0.007590980042961391
        },
        "psWeightIsr": {
            "high": 0.00880937697966301,
            "low": 0.008296676114860662
        },
        "lumi_13TeV": {
            "high": 0.00021093297238066873,
            "low": 0.0006034526799540701
        },
        "l1PreFiring": {
            "high": 0.0,
            "low": 0.0
        },
        "psWeightFsr": {
            "high": 0.0,
            "low": 0.003890926799904496
        },
        "extSfBDTVariation": {
            "high": 0.016434213949528306,
            "low": 0.015899033158077367
        },
        "extVarRwgt": {
            "high": 0.04046753845594675,
            "low": 0.04046753845594675
        },
        "final": {
            "central": 1.1465943996329933,
            "high": 0.07054616397624933,
            "low": 0.06868436803976968
        }
    },
    "WP1_pt400to500": {
        "jer": {
            "high": 0.0059343232058088145,
            "low": 0.00503938997805276
        },
        "jes": {
            "high": 0.0,
            "low": 0.0008627736871118213
        },
        "fracBB": {
            "high": 0.012756782047634464,
            "low": 0.012365051557928082
        },
        "stats": {
            "high": 0.038487859503092414,
            "low": 0.03707340809058124
        },
        "fracLight": {
            "high": 0.0022999786560188805,
            "low": 0.0024853965965808433
        },
        "pu": {
            "high": 0.010646910625112188,
            "low": 0.011553978602144174
        },
        "fracCC": {
            "high": 0.007692401417151003,
            "low": 0.0073586886553376205
        },
        "psWeightIsr": {
            "high": 0.0037981039381278334,
            "low": 0.003548654059769812
        },
        "lumi_13TeV": {
            "high": 0.0015716922366063478,
            "low": 0.001675531525294672
        },
        "l1PreFiring": {
            "high": 0.0,
            "low": 0.0
        },
        "psWeightFsr": {
            "high": 0.004086354981838196,
            "low": 0.004131642746907026
        },
        "extSfBDTVariation": {
            "high": 0.024151703411261893,
            "low": 0.02133810857830984
        },
        "extVarRwgt": {
            "high": 0.04833301652378297,
            "low": 0.04833301652378297
        },
        "final": {
            "central": 1.127787651607198,
            "high": 0.0693530359692261,
            "low": 0.06761035439249394
        }
    },
    "WP1_pt500to100000": {
        "jer": {
            "high": 0.0012901980445494828,
            "low": 0.001159663653244958
        },
        "jes": {
            "high": 0.006456754710898521,
            "low": 0.0062593910564539956
        },
        "fracBB": {
            "high": 0.010034521789471836,
            "low": 0.00951818752393355
        },
        "stats": {
            "high": 0.03798058733874088,
            "low": 0.036973038713273176
        },
        "fracLight": {
            "high": 0.0021273898997811527,
            "low": 0.0018293140988906616
        },
        "pu": {
            "high": 0.001751148280555875,
            "low": 0.0013755453068295127
        },
        "fracCC": {
            "high": 0.006620170116552274,
            "low": 0.005883398526674729
        },
        "psWeightIsr": {
            "high": 0.009763801849820529,
            "low": 0.009388276063472183
        },
        "lumi_13TeV": {
            "high": 0.00020242662071517827,
            "low": 0.0013080017279503188
        },
        "l1PreFiring": {
            "high": 0.0,
            "low": 0.0
        },
        "psWeightFsr": {
            "high": 0.0073686948089895015,
            "low": 0.007141840981101377
        },
        "extSfBDTVariation": {
            "high": 0.030375928951787624,
            "low": 0.02318463831284224
        },
        "extVarRwgt": {
            "high": 0.07259002131220149,
            "low": 0.07259002131220149
        },