{
    "WP1_pt200to250": {
        "jer": {
            "high": 0.004831091525162613,
            "low": 0.0039481452361373875
        },
        "jes": {
            "high": 0.0025786091918228293,
            "low": 0.0021525090014306554
        },
        "fracBB": {
            "high": 0.01292511321508085,
            "low": 0.010982099913817883
        },
        "stats": {
            "high": 0.0605231594522726,
            "low": 0.058024679125449063
        },
        "fracLight": {
            "high": 0.004483273888939308,
            "low": 0.003832663564376643
        },
        "pu": {
            "high": 0.0019161294428646166,
            "low": 0.0018992812602690399
        },
        "fracCC": {
            "high": 0.016238725488024488,
            "low": 0.015092922741785248
        },
        "psWeightIsr": {
            "high": 0.010214834653142804,
            "low": 0.006932028186843113
        },
        "lumi_13TeV": {
            "high": 0.0,
            "low": 0.0011118579627431271
        },
        "l1PreFiring": {
            "high": 0.0,
            "low": 0.0
        },
        "psWeightFsr": {
            "high": 0.019034860903427393,
            "low": 0.08911006047739774
        },
        "extSfBDTVariation": {
            "high": 0.038137045865654924,
            "low": 0.0
        },
        "extVarRwgt": {
            "high": 0.014693112811547504,
            "low": 0.014693112811547504
        },
        "final": {
            "central": 1.0800123204374776,
            "high": 0.07927472005187186,
            "low": 0.0771163565065754
        }
    },
    "WP1_pt250to300": {
        "jer": {
            "high": 0.0024345680114323948,
            "low": 0.001844129314054497
        },
        "jes": {
            "high": 0.0035598768837914975,
            "low": 0.0027721570253000155
        },
        "fracBB": {
            "high": 0.010964141232437762,
            "low": 0.010661112823008256
        },
        "stats": {
            "high": 0.045633961969747006,
            "low": 0.043971299707859735
        },
        "fracLight": {
            "high": 0.004352825403401603,
            "low": 0.004021746773394071
        },
        "pu": {
            "high": 0.004169648734957041,
            "low": 0.0038907629672662145
        },
        "fracCC": {
            "high": 0.01386622160338992,
            "low": 0.012876900278049575
        },
        "psWeightIsr": {
            "high": 0.002755083604560279,
            "low": 0.0026361595007517807
        },
        "lumi_13TeV": {
            "high": 0.0005840585850984845,
            "low": 0.0009459309597470468
        },
        "l1PreFiring": {
            "high": 0.0,
            "low": 0.0
        },
        "psWeightFsr": {
            "high": 0.011321827239128831,
            "low": 0.011007519291224736
        },
        "extSfBDTVariation": {
            "high": 0.025809307906699427,
            "low": 0.02178127061382603
        },
        "extVarRwgt": {
            "high": 0.02773704259774612,
            "low": 0.02773704259774612
        },
        "final": {
            "central": 1.0124722731970996,
            "high": 0.06341494439636898,
            "low": 0.060233911721997616
        }
    },
    "WP1_pt300to400": {
        "jer": {
            "high": 0.0015430699601711633,
            "low": 0.0014681054382251865
        },
        "jes": {
            "high": 0.0007846420515317311,
            "low": 0.0006888052139752325
        },
        "fracBB": {
            "high": 0.007603812305128114,
            "low": 0.007918418876345989
        },
        "stats": {
            "high": 0.023844919847449297,
            "low": 0.023427029075451467
        },
        "fracLight": {
            "high": 0.0014985384443965215,
            "low": 0.0013078226587835587
        },
        "pu": {
            "high": 0.0028213390945235786,
            "low": 0.002789176892498672
        },
        "fracCC": {
            "high": 0.006941237898681723,
            "low": 0.006329738272353004
        },
        "psWeightIsr": {
            "high": 0.006654465913365538,
            "low": 0.0053306299751334964
        },
        "lumi_13TeV": {
            "high": 0.0004086970105948784,
            "low": 0.000529324452770777
        },
        "l1PreFiring": {
            "high": 0.0,
            "low": 0.0
        },
        "psWeightFsr": {
            "high": 0.007563739206504215,
            "low": 0.004023934754541364
        },
        "extSfBDTVariation": {
            "high": 0.016838687145211625,
            "low": 0.016589524380979836
        },
        "extVarRwgt": {
            "high": 0.03307645239060131,
            "low": 0.03307645239060131
        },
        "final": {
            "central": 1.059430485640926,
            "high": 0.04655140637639515,
            "low": 0.04558359576203452
        }
    },
    "WP1_pt400to500": {
        "jer": {
            "high": 0.00032463241480854466,
            "low": 0.00022182288414722702
        },
        "jes": {
            "high": 0.005910604883677199,
            "low": 0.0042607268464043245
        },
        "fracBB": {
            "high": 0.008338709220901996,
            "low": 0.008332024676815038
        },
        "stats": {
            "high": 0.01882791070838108,
            "low": 0.01845727499830563
        },
        "fracLight": {
            "high": 0.0017328820113791054,
            "low": 0.0011923265020507862
        },
        "pu": {
            "high": 0.001801411833998699,
            "low": 0.0016149987540397686
        },
        "fracCC": {
            "high": 0.007148751809570898,
            "low": 0.006372197111655266
        },
        "psWeightIsr": {
            "high": 0.0012459189744110435,
            "low": 0.001055378642727601
        },
        "lumi_13TeV": {
            "high": 0.000869987030176373,
            "low": 0.0010131098027871916
        },
        "l1PreFiring": {
            "high": 0.0,
            "low": 0.0
        },
        "psWeightFsr": {
            "high": 0.006894737968682686,
            "low": 0.005723867221129201
        },
        "extSfBDTVariation": {
            "high": 0.02459838224823857,
            "low": 0.020367651980885405
        },
        "extVarRwgt": {
            "high": 0.042722454675771404,
            "low": 0.042722454675771404
        },
        "final": {
            "central": 1.0359152346092193,
            "high": 0.05474077723634514,
            "low": 0.0524202598808659
        }
    },
    "WP1_pt500to100000": {
        "jer": {
            "high": 0.0008249105396541819,
            "low": 0.0007204482695879111
        },
        "jes": {
            "high": 0.0031906140396638387,
            "low": 0.0031328722155618376
        },
        "fracBB": {
            "high": 0.010447258278900548,
            "low": 0.010115363824357198
        },
        "stats": {
            "high": 0.02026661469259161,
            "low": 0.019967388832424104
        },
        "fracLight": {
            "high": 0.002098079344777893,
            "low": 0.0019507552446472935
        },
        "pu": {
            "high": 0.0004103018587020866,
            "low": 0.0
        },
        "fracCC": {
            "high": 0.006349521878394697,
            "low": 0.006047330097906475
        },
        "psWeightIsr": {
            "high": 0.005963265932082843,
            "low": 0.005407291876057607
        },
        "lumi_13TeV": {
            "high": 0.0006184306951126248,
            "low": 0.0009682770114411144
        },
        "l1PreFiring": {
            "high": 0.0,
            "low": 0.0
        },
        "psWeightFsr": {
            "high": 0.011033947027995369,
            "low": 0.011009848261307322
        },
        "extSfBDTVariation": {
            "high": 0.030095829710243945,
            "low": 0.01826378613630922
        },
        "extVarRwgt": {
            "high": 0.07078533996300185,