{
    "WP1_pt200to400": {
        "jer": {
            "high": 0.0010138344586001257,
            "low": 0.0016581654656336326
        },
        "jes": {
            "high": 0.0012020266692028732,
            "low": 0.001426895248410348
        },
        "fracBB": {
            "high": 0.007742737828062251,
            "low": 0.00784064611594651
        },
        "stats": {
            "high": 0.04511429801390077,
            "low": 0.04351686369255847
        },
        "fracLight": {
            "high": 0.0,
            "low": 0.003095850869465003
        },
        "pu": {
            "high": 0.002460362467875001,
            "low": 0.0022913209133206807
        },
        "fracCC": {
            "high": 0.007524337633897043,
            "low": 0.005599855050843629
        },
        "psWeightIsr": {
            "high": 0.007369519476857611,
            "low": 0.006712553893963002
        },
        "lumi_13TeV": {
            "high": 0.00018164192312771925,
            "low": 0.0008568292458950467
        },
        "l1PreFiring": {
            "high": 0.0,
            "low": 0.0
        },
        "psWeightFsr": {
            "high": 0.002134832364367583,
            "low": 0.0011699205213066455
        },
        "extSfBDTVariation": {
            "high": 0.010747013028614865,
            "low": 0.012730890486635876
        },
        "extVarRwgt": {
            "high": 0.03384292985309045,
            "low": 0.03384292985309045
        },
        "final": {
            "central": 1.1420583346073367,
            "high": 0.058920731432343026,
            "low": 0.05797199534623501
        }
    },
    "WP1_pt400to100000": {
        "jer": {
            "high": 0.005880768184914407,
            "low": 0.005460271335027124
        },
        "jes": {
            "high": 0.0003205311130833148,
            "low": 0.0004493762191297882
        },
        "fracBB": {
            "high": 0.010399934256919948,
            "low": 0.01018692408955355
        },
        "stats": {
            "high": 0.026519048668976364,
            "low": 0.025889827829963297
        },
        "fracLight": {
            "high": 0.0008327642407753736,
            "low": 0.0010213662972561861
        },
        "pu": {
            "high": 0.0057836444672568,
            "low": 0.00596934346966516
        },
        "fracCC": {
            "high": 0.005497775749429522,
            "low": 0.0053792796401869476
        },
        "psWeightIsr": {
            "high": 0.005512062075205958,
            "low": 0.005043084749898484
        },
        "lumi_13TeV": {
            "high": 0.0015189064632907831,
            "low": 0.0008872811584168861
        },
        "l1PreFiring": {
            "high": 0.0,
            "low": 0.0
        },
        "psWeightFsr": {
            "high": 0.0050752319681754855,
            "low": 0.004836827714299993
        },
        "extSfBDTVariation": {
            "high": 0.02686257554928823,
            "low": 0.027316241498223363
        },
        "extVarRwgt": {
            "high": 0.04306414365259981,
            "low": 0.04306414365259981
        },
        "final": {
            "central": 1.0862858759467429,
            "high": 0.059540243916692354,
            "low": 0.05932957442656078
        }
    },
    "WP2_pt200to400": {
        "jer": {
            "high": 0.0009656432918922208,
            "low": 0.0010997291645975622
        },
        "jes": {
            "high": 0.0016950748911294384,
            "low": 0.001520296719131533
        },
        "fracBB": {
            "high": 0.0065542258685537215,
            "low": 0.0069749750111011925
        },
        "stats": {
            "high": 0.02299775899876133,
            "low": 0.022558715557556175
        },
        "fracLight": {
            "high": 0.0009057113602838121,
            "low": 0.0007899698403403096
        },
        "pu": {
            "high": 0.0028580441622056175,
            "low": 0.0027988328965801897
        },
        "fracCC": {
            "high": 0.005705639129048156,
            "low": 0.0046430032533842265
        },
        "psWeightIsr": {
            "high": 0.007059037419799182,
            "low": 0.005960574298056454
        },
        "lumi_13TeV": {
            "high": 0.0006705412504181813,
            "low": 0.0007128258107998039
        },
        "l1PreFiring": {
            "high": 0.0,
            "low": 0.0
        },
        "psWeightFsr": {
            "high": 0.00588653404566029,
            "low": 0.005640132845404406
        },
        "extSfBDTVariation": {
            "high": 0.016415951892059907,
            "low": 0.017693259388529475
        },
        "extVarRwgt": {
            "high": 0.023507581923690957,
            "low": 0.023507581923690957
        },
        "final": {
            "central": 1.017783413962583,
            "high": 0.03904131646450786,
            "low": 0.039045961741341145
        }
    },
    "WP2_pt400to100000": {
        "jer": {
            "high": 0.0013563044499139264,
            "low": 0.001119380708965499
        },
        "jes": {
            "high": 0.003037032717576239,
            "low": 0.004281523182993661
        },
        "fracBB": {
            "high": 0.0065266347898746725,
            "low": 0.005791820588324438
        },
        "stats": {
            "high": 0.016809256351845825,
            "low": 0.01654072311968402
        },
        "fracLight": {
            "high": 0.000550527905958644,
            "low": 0.0006439784449682871
        },
        "pu": {
            "high": 0.00025621979917333474,
            "low": 0.00023137972919932842
        },
        "fracCC": {
            "high": 0.00391653836289726,
            "low": 0.0038276198671717116
        },
        "psWeightIsr": {
            "high": 0.0019204169422699891,
            "low": 0.00135420836924245
        },
        "lumi_13TeV": {
            "high": 0.00044968736395695474,
            "low": 0.0007337170090875821
        },
        "l1PreFiring": {
            "high": 0.0,
            "low": 0.0
        },
        "psWeightFsr": {
            "high": 0.008044171581055408,
            "low": 0.0075580461403343185
        },
        "extSfBDTVariation": {
            "high": 0.02777194086868137,
            "low": 0.018097379025863183
        },
        "extVarRwgt": {
            "high": 0.046888062079250226,
            "low": 0.046888062079250226
        },
        "final": {
            "central": 1.0063168501888407,
            "high": 0.058226189761341994,
            "low": 0.05410495222455417
        }
    }
}