{
    "QCD_PT-30to50": 112800000.0,
    "QCD_PT-50to80": 16660000.0,
    "QCD_PT-80to120": 2507000.0,
    "QCD_PT-120to170": 441100.0,
    "QCD_PT-170to300": 113400.0,
    "QCD_PT-300to470": 7589.0,
    "QCD_PT-470to600": 626.4,
    "QCD_PT-600to800": 178.6,
    "QCD_PT-800to1000": 30.57,
    "QCD_PT-1000to1400": 8.92,
    "QCD_PT-1400to1800": 0.8103,
    "QCD_PT-1800to2400": 0.1148,
    "QCD_PT-2400to3200": 0.007542,
    "QCD_PT-3200": 0.0002331,
    "QCD_PT-15to7000": 1440000000.0,
    "QCDB_HT-40to100": 12950000.0,
    "QCDB_HT-100to200": 1195000.0,
    "QCDB_HT-200to400": 100600.0,
    "QCDB_HT-400to600": 4938.0,
    "QCDB_HT-600to800": 654.0,
    "QCDB_HT-800to1000": 139.0,
    "QCDB_HT-1000to1500": 55.15,
    "QCDB_HT-1500to2000": 4729,
    "QCDB_HT-2000": 0.8673,
    "QCD_HT-40to70": 311600000.0,
    "QCD_HT-70to100": 58520000.0,
    "QCD_HT-100to200": 25220000.0,
    "QCD_HT-200to400": 1963000.0,
    "QCD_HT-400to600": 94870.0,
    "QCD_HT-600to800": 13420.0,
    "QCD_HT-800to1000": 2992.0,
    "QCD_HT-1000to1200": 879.1,
    "QCD_HT-1200to1500": 384.5,
    "QCD_HT-1500to2000": 125.5,
    "QCD_HT-2000": 25.78,
    "QCD_PT-120to170_MuEnrichedPt5": 22980.0,
    "QCD_PT-170to300_MuEnrichedPt5": 7763.0,
    "QCD_PT-300to470_MuEnrichedPt5": 699.1,
    "QCD_PT-470to600_MuEnrichedPt5": 68.24,
    "QCD_PT-600to800_MuEnrichedPt5": 21.37,
    "QCD_PT-800to1000_MuEnrichedPt5": 3.913,
    "QCD_PT-1000_MuEnrichedPt5": 1.323,
    "TTto4Q": 410.8994804,
    "TTto2L2Nu": 102.41708040000002,
    "TTtoLNu2Q": 410.2834392000001,
    "WW": 116.8,
    "WZ": 54.3,
    "ZZ": 16.7,
    "ZZto2L2Q_TuneCP5_13p6TeV_powheg-pythia8": 2.36,
    "ZZto2Nu2Q_TuneCP5_13p6TeV_powheg-pythia8": 4.48,
    "ZZto4L_TuneCP5_13p6TeV_powheg-pythia8": 0.17,
    "ZZto2L2Nu_TuneCP5_13p6TeV_powheg-pythia8": 0.674,
    "WZtoLNu2Q_TuneCP5_13p6TeV_powheg-pythia8": 12.368,
    "WZto2L2Q_TuneCP5_13p6TeV_powheg-pythia8": 3.696,
    "WZto3LNu_TuneCP5_13p6TeV_powheg-pythia8": 1.786,
    "WWto4Q_TuneCP5_13p6TeV_powheg-pythia8": 78.79,
    "WWtoLNu2Q_TuneCP5_13p6TeV_powheg-pythia8": 76.16,
    "WWto2L2Nu_TuneCP5_13p6TeV_powheg-pythia8": 18.41,
    "TbarBQ_t-channel_4FS": 87.2,
    "TBbarQ_t-channel_4FS": 145.0,
    "TbarWplusto4Q": 10.8,
    "TWminusto4Q": 10.8,
    "TbarWplustoLNu2Q": 10.7,
    "TWminustoLNu2Q": 10.7,
    "TbarWplusto2L2Nu": 2.62,
    "TWminusto2L2Nu": 2.62,
    "GluGluHto2B_PT-200_M-125": 0.4773844903597122,
    "GluGluHto2B_M-125": 30.084479999999996,
    "VBFHto2B_M-125_dipoleRecoilOn": 2.348928,
    "VBFHto2B_M-125": 2.348928,
    "WminusH_Hto2B_Wto2Q_M-125": 0.2210487552,
    "WminusH_Hto2B_WtoLNu_M-125": 0.1059464448,
    "WplusH_Hto2B_Wto2Q_M-125": 0.34611632640000006,
    "WplusH_Hto2B_WtoLNu_M-125": 0.1658900736,
    "ZH_Hto2B_Zto2L_M-125": 0.016212728447999997,
    "ZH_Hto2B_Zto2Q_M-125": 0.38009659910399995,
    "ZH_Hto2B_Zto2Nu_M-125": 0.147377072448,
    "ZH_Hto2C_Zto2Q_M-125": 0.0188728519694,
    "ggZH_Hto2B_Zto2L_M-125": 0.00233597952,
    "ggZH_Hto2B_Zto2Nu_M-125": 0.021234539519999998,
    "ggZH_Hto2B_Zto2Q_M-125": 0.05476548096,
    "ggZH_Hto2C_Zto2Q_M-125": 0.0027192582560000003,
    "ttHto2B_M-125": 0.32831999999999995,
    "HHHTo6B_c3_1_d4_0": 5.557274542079999e-06,
    "GluGlutoHHto4B_kl-0p00_kt-1p00_c2-0p00_TuneCP5_13p6TeV": 0.02504742912,
    "GluGlutoHHto4B_kl-0p00_kt-1p00_c2-0p00_TuneCP5_13p6TeV_TSG": 0.02504742912,
    "GluGlutoHHto4B_kl-0p00_kt-1p00_c2-0p00_TuneCP5_13p6TeV_Private": 0.02504742912,
    "GluGlutoHHto4B_kl-0p00_kt-1p00_c2-0p00_TuneCP5_13p6TeV_TSG_Pu60": 0.02504742912,
    "GluGlutoHHto4B_kl-1p00_kt-1p00_c2-0p00_TuneCP5_13p6TeV": 0.011270098943999997,
    "GluGlutoHHto4B_kl-1p00_kt-1p00_c2-0p00_TuneCP5_13p6TeV_TSG": 0.011270098943999997,
    "GluGlutoHHto4B_kl-1p00_kt-1p00_c2-0p00_TuneCP5_13p6TeV_Private": 0.011270098943999997,
    "GluGlutoHHto4B_kl-1p00_kt-1p00_c2-0p00_TuneCP5_13p6TeV_TSG_Pu60": 0.011270098943999997,
    "GluGlutoHHto4B_kl-5p00_kt-1p00_c2-0p00_TuneCP5_13p6TeV": 0.03294469324799999,
    "GluGlutoHHto4B_kl-5p00_kt-1p00_c2-0p00_TuneCP5_13p6TeV_TSG": 0.03294469324799999,
    "GluGlutoHHto4B_kl-5p00_kt-1p00_c2-0p00_TuneCP5_13p6TeV_Private": 0.03294469324799999,
    "GluGlutoHHto4B_kl-5p00_kt-1p00_c2-0p00_TuneCP5_13p6TeV_TSG_Pu60": 0.03294469324799999,
    "GluGlutoHHto4B_kl-2p45_kt-1p00_c2-0p00_TuneCP5_13p6TeV": 0.004931518464,
    "GluGlutoHHto4B_kl-2p45_kt-1p00_c2-0p00_TuneCP5_13p6TeV_TSG": 0.004931518464,
    "GluGlutoHHto4B_kl-2p45_kt-1p00_c2-0p00_TuneCP5_13p6TeV_Private": 0.004931518464,
    "GluGlutoHHto4B_kl-2p45_kt-1p00_c2-0p00_TuneCP5_13p6TeV_TSG_Pu60": 0.004931518464,
    "GluGlutoHHto4B_kl-1p00_kt-1p00_c2-0p10_TuneCP5_13p6TeV": 0.005908598783999998,
    "GluGlutoHHto4B_kl-1p00_kt-1p00_c2-0p10_TuneCP5_13p6TeV_TSG": 0.005908598783999998,
    "GluGlutoHHto4B_kl-1p00_kt-1p00_c2-0p10_TuneCP5_13p6TeV_Private": 0.005908598783999998,
    "GluGlutoHHto4B_kl-1p00_kt-1p00_c2-0p10_TuneCP5_13p6TeV_TSG_Pu60": 0.005908598783999998,
    "GluGlutoHHto4B_kl-1p00_kt-1p00_c2-0p35_TuneCP5_13p6TeV": 0.0034663956479999997,
    "GluGlutoHHto4B_kl-1p00_kt-1p00_c2-0p35_TuneCP5_13p6TeV_TSG": 0.0034663956479999997,
    "GluGlutoHHto4B_kl-1p00_kt-1p00_c2-0p35_TuneCP5_13p6TeV_Private": 0.0034663956479999997,
    "GluGlutoHHto4B_kl-1p00_kt-1p00_c2-0p35_TuneCP5_13p6TeV_TSG_Pu60": 0.0034663956479999997,
    "GluGlutoHHto4B_kl-1p00_kt-1p00_c2-3p00_TuneCP5_13p6TeV": 0.9623779983359998,
    "GluGlutoHHto4B_kl-1p00_kt-1p00_c2-3p00_TuneCP5_13p6TeV_TSG": 0.9623779983359998,
    "GluGlutoHHto4B_kl-1p00_kt-1p00_c2-3p00_TuneCP5_13p6TeV_Private": 0.9623779983359998,
    "GluGlutoHHto4B_kl-1p00_kt-1p00_c2-3p00_TuneCP5_13p6TeV_TSG_Pu60": 0.9623779983359998,
    "GluGlutoHHto4B_kl-1p00_kt-1p00_c2-m2p00_TuneCP5_13p6TeV": 0.658818551808,
    "GluGlutoHHto4B_kl-1p00_kt-1p00_c2-m2p00_TuneCP5_13p6TeV_TSG": 0.658818551808,
    "GluGlutoHHto4B_kl-1p00_kt-1p00_c2-m2p00_TuneCP5_13p6TeV_Private": 0.658818551808,
    "GluGlutoHHto4B_kl-1p00_kt-1p00_c2-m2p00_TuneCP5_13p6TeV_TSG_Pu60": 0.658818551808,
    "VBFHHto4B_CV-1_C2V-1_C3-1_TuneCP5_13p6TeV_madgraph-pythia8": 0.0006400622592,
    "VBFHHto4B_CV_1_C2V_1_C3_1_TuneCP5_13p6TeV_madgraph-pythia8": 0.0006400622592,
    "VBFHHto4B_CV-1_C2V-0_C3-1_TuneCP5_13p6TeV_madgraph-pythia8": 0.0098461827072,
    "VBFHHto4B_CV_1_C2V_0_C3_1_TuneCP5_13p6TeV_madgraph-pythia8": 0.0098461827072,
    "VBFHHto4B_CV-1_C2V-1_C3-0_TuneCP5_13p6TeV_madgraph-pythia8": 0.0016558608384,
    "VBFHHto4B_CV_1_C2V_1_C3_0_TuneCP5_13p6TeV_madgraph-pythia8": 0.0016558608384,
    "VBFHHto4B_CV-1_C2V-1_C3-2_TuneCP5_13p6TeV_madgraph-pythia8": 0.0005349556223999999,
    "VBFHHto4B_CV_1_C2V_1_C3_2_TuneCP5_13p6TeV_madgraph-pythia8": 0.0005349556223999999,
    "VBFHHto4B_CV-1_C2V-2_C3-1_TuneCP5_13p6TeV_madgraph-pythia8": 0.0052757028864,