,Preselection,ak8FatJetPNetXbb0 >= 0.985,ak8FatJetPNetXbb1 >= 0.985,100 ≤ ak8FatJetPNetMass1 < 150
hh4b,27.058588958908313,17.009760708018355,4.195861722760915,3.7410562771255074
qcd,185490.11047315874,19203.66754828977,15.392941753124578,5.471125797528241
data,812475.0,68750.0,206.0,84.0
ttbar,79335.39225133436,6432.167265242602,74.93603342198057,30.588530069507534
gghtobb,271.24317424808413,132.38851029028854,0.9375733280640156,0.9375733280640156
vbfhtobb,36.60109271462042,21.472056891829297,0.0,0.0
vhtobb,120.26493066553205,58.79543506613715,3.2663966671680233,1.8665185041925927
tthtobb,199.99120200387642,41.70150124984501,1.1414508154216156,0.6537854351561261
diboson,401.2657403449839,119.62303775689179,2.0617890475195146,1.0305991819996976
vjets,16509.495162369767,3883.752501799001,7.454195889584743,2.690095798333765
