{
    "WP1_pt200to250": {
        "jer": {
            "high": 0.00277632091766335,
            "low": 0.002125367577018492
        },
        "jes": {
            "high": 0.007589565753631151,
            "low": 0.0051453435314177
        },
        "fracBB": {
            "high": 0.009719782911913133,
            "low": 0.010824405407482742
        },
        "stats": {
            "high": 0.12097225436068682,
            "low": 0.11250892884768637
        },
        "fracLight": {
            "high": 0.010568235317421095,
            "low": 0.007228969685661926
        },
        "pu": {
            "high": 0.0037638810359337835,
            "low": 0.0038019168885826075
        },
        "fracCC": {
            "high": 0.033018247004498,
            "low": 0.029036479529957956
        },
        "psWeightIsr": {
            "high": 0.0,
            "low": 0.0
        },
        "lumi_13TeV": {
            "high": 0.0021791678197493067,
            "low": 0.000791333732007761
        },
        "l1PreFiring": {
            "high": 0.0,
            "low": 0.0
        },
        "psWeightFsr": {
            "high": 0.004592352020098481,
            "low": 0.0
        },
        "extSfBDTVariation": {
            "high": 0.03253690684424099,
            "low": 0.03340070283041696
        },
        "extVarRwgt": {
            "high": 0.16013677898608902,
            "low": 0.16013677898608902
        },
        "final": {
            "central": 1.3722409580906427,
            "high": 0.20673269157307592,
            "low": 0.20114598431431888
        }
    },
    "WP1_pt250to300": {
        "jer": {
            "high": 0.0016558117154258775,
            "low": 0.0
        },
        "jes": {
            "high": 0.00942873139160387,
            "low": 0.008802720669316559
        },
        "fracBB": {
            "high": 0.010785483709549435,
            "low": 0.010744868971033886
        },
        "stats": {
            "high": 0.09412910490780435,
            "low": 0.08901691331832406
        },
        "fracLight": {
            "high": 0.013891065771992025,
            "low": 0.013287318845988431
        },
        "pu": {
            "high": 0.006628844482326966,
            "low": 0.006001803339900054
        },
        "fracCC": {
            "high": 0.022542903795560777,
            "low": 0.019442682031850643
        },
        "psWeightIsr": {
            "high": 0.0,
            "low": 0.0
        },
        "lumi_13TeV": {
            "high": 0.0009865915175223394,
            "low": 0.0003485270662202816
        },
        "l1PreFiring": {
            "high": 0.0,
            "low": 0.0
        },
        "psWeightFsr": {
            "high": 0.006327089960985915,
            "low": 0.0
        },
        "extSfBDTVariation": {
            "high": 0.024697147634197218,
            "low": 0.02711648983774833
        },
        "extVarRwgt": {
            "high": 0.11507918114366222,
            "low": 0.11507918114366222
        },
        "final": {
            "central": 1.270005434122419,
            "high": 0.1539724520842347,
            "low": 0.1504959254989918
        }
    },
    "WP1_pt300to400": {
        "jer": {
            "high": 0.0006239190814205554,
            "low": 0.0006654621451716796
        },
        "jes": {
            "high": 0.0073993593142379945,
            "low": 0.00705704050586111
        },
        "fracBB": {
            "high": 0.009154135767842894,
            "low": 0.00925587060487992
        },
        "stats": {
            "high": 0.055423656644634445,
            "low": 0.053695949275439636
        },
        "fracLight": {
            "high": 0.004122553714869186,
            "low": 0.006058741851394865
        },
        "pu": {
            "high": 0.0010023049331833358,
            "low": 0.0008325900796850945
        },
        "fracCC": {
            "high": 0.0166909888859643,
            "low": 0.014890073479036817
        },
        "psWeightIsr": {
            "high": 0.0,
            "low": 0.0
        },
        "lumi_13TeV": {
            "high": 0.0009636937804916677,
            "low": 0.0
        },
        "l1PreFiring": {
            "high": 0.0,
            "low": 0.0
        },
        "psWeightFsr": {
            "high": 0.002397922656825382,
            "low": 0.0
        },
        "extSfBDTVariation": {
            "high": 0.014656234698242053,
            "low": 0.020747659102914873
        },
        "extVarRwgt": {
            "high": 0.12136449058385601,
            "low": 0.12136449058385601
        },
        "final": {
            "central": 1.3481334979421948,
            "high": 0.13586070960392393,
            "low": 0.13578211117529232
        }
    },
    "WP1_pt400to500": {
        "jer": {
            "high": 0.0030810027242444537,
            "low": 0.002657055782346269
        },
        "jes": {
            "high": 0.007145923308473617,
            "low": 0.006681406162299775
        },
        "fracBB": {
            "high": 0.008766108157623024,
            "low": 0.008330920334548879
        },
        "stats": {
            "high": 0.03477365285169509,
            "low": 0.03393803455904232
        },
        "fracLight": {
            "high": 0.005528551181926845,
            "low": 0.0021546636564196506
        },
        "pu": {
            "high": 0.0004630197246729333,
            "low": 0.00042743680529252353
        },
        "fracCC": {
            "high": 0.014072734598224872,
            "low": 0.01339899339786243
        },
        "psWeightIsr": {
            "high": 0.0,
            "low": 0.0
        },
        "lumi_13TeV": {
            "high": 0.0001481256751924297,
            "low": 0.0001251851365415556
        },
        "l1PreFiring": {
            "high": 0.0,
            "low": 0.0
        },
        "psWeightFsr": {
            "high": 0.0010959288983598083,
            "low": 0.0
        },
        "extSfBDTVariation": {
            "high": 0.01858687292171706,
            "low": 0.018413139452998387
        },
        "extVarRwgt": {
            "high": 0.11158707847277949,
            "low": 0.11158707847277949
        },
        "final": {
            "central": 1.276161766972289,
            "high": 0.11989078544897289,
            "low": 0.11936121988004507
        }
    },
    "WP1_pt500to100000": {
        "jer": {
            "high": 0.0006165584274943383,
            "low": 0.0005548475927045613
        },
        "jes": {
            "high": 0.011190700239360344,
            "low": 0.010039903880028286
        },
        "fracBB": {
            "high": 0.006713799409112303,
            "low": 0.006646571156740822
        },
        "stats": {
            "high": 0.02612491895443947,
            "low": 0.02567657662014189
        },
        "fracLight": {
            "high": 0.0019244345353274866,
            "low": 0.0017196862775644105
        },
        "pu": {
            "high": 0.000508976577106225,
            "low": 0.0005920596680051641
        },
        "fracCC": {
            "high": 0.008570071646084514,
            "low": 0.008480355573870455
        },
        "psWeightIsr": {
            "high": 0.0,
            "low": 0.0
        },
        "lumi_13TeV": {
            "high": 0.00031234444388920864,
            "low": 0.0005106413889464929
        },
        "l1PreFiring": {
            "high": 0.0,
            "low": 0.0
        },
        "psWeightFsr": {
            "high": 0.00040832601637977826,
            "low": 0.00026819286779400744
        },
        "extSfBDTVariation": {
            "high": 0.017272965906848976,
            "low": 0.013754949506722045
        },
        "extVarRwgt": {
            "high": 0.08282880933750203,
            "low": 0.08282880933750203
        },
        "final": {
            "central": 1.186448942231229,
            "high": 0.08994352861186901,
            "low": 0.0890502009053834
        }
    },