{
    "WP1_pt200to400": {
        "jer": {
            "high": 0.0,
            "low": 0.00029723793501030876
        },
        "jes": {
            "high": 0.0037331154639195043,
            "low": 0.004676528968930386
        },
        "fracBB": {
            "high": 0.009376747243698764,
            "low": 0.006682829061319923
        },
        "stats": {
            "high": 0.1067035972386361,
            "low": 0.10111411771453627
        },
        "fracLight": {
            "high": 0.005552019478424871,
            "low": 0.005852629107842585
        },
        "pu": {
            "high": 0.005283033489158329,
            "low": 0.003940953497591767
        },
        "fracCC": {
            "high": 0.017325663307348086,
            "low": 0.015728575487337217
        },
        "psWeightIsr": {
            "high": 0.0,
            "low": 0.0
        },
        "lumi_13TeV": {
            "high": 0.0013449695722102866,
            "low": 0.0
        },
        "l1PreFiring": {
            "high": 0.0,
            "low": 0.0
        },
        "psWeightFsr": {
            "high": 0.0,
            "low": 0.010639837219584237
        },
        "extSfBDTVariation": {
            "high": 0.018324326345178922,
            "low": 0.016158424875521264
        },
        "extVarRwgt": {
            "high": 0.1726033205070634,
            "low": 0.1726033205070634
        },
        "final": {
            "central": 1.4936278267564418,
            "high": 0.20459532274484785,
            "low": 0.20187303604758708
        }
    },
    "WP1_pt400to100000": {
        "jer": {
            "high": 0.0043540543611005865,
            "low": 0.0021723684363630577
        },
        "jes": {
            "high": 0.03490221939721201,
            "low": 0.018865946692321382
        },
        "fracBB": {
            "high": 0.006913430514307091,
            "low": 0.005656104940131386
        },
        "stats": {
            "high": 0.04164229986787449,
            "low": 0.040550491201419625
        },
        "fracLight": {
            "high": 0.0018697409708833047,
            "low": 0.0032560169968711347
        },
        "pu": {
            "high": 0.0016311921937126063,
            "low": 0.0014663736068371669
        },
        "fracCC": {
            "high": 0.006063724457950657,
            "low": 0.009065972900762312
        },
        "psWeightIsr": {
            "high": 0.0,
            "low": 0.0
        },
        "lumi_13TeV": {
            "high": 0.0004069247815670646,
            "low": 0.0005307186584773695
        },
        "l1PreFiring": {
            "high": 0.0,
            "low": 0.0
        },
        "psWeightFsr": {
            "high": 0.0019679570132885168,
            "low": 0.0
        },
        "extSfBDTVariation": {
            "high": 0.01730463885148447,
            "low": 0.027564981036104785
        },
        "extVarRwgt": {
            "high": 0.11064311735827692,
            "low": 0.11064311735827692
        },
        "final": {
            "central": 1.3031443173121524,
            "high": 0.1249292328828101,
            "low": 0.12300828589291712
        }
    },
    "WP2_pt200to400": {
        "jer": {
            "high": 0.0012501193253306542,
            "low": 0.0012699081278795443
        },
        "jes": {
            "high": 0.0017984968373245171,
            "low": 0.002296420204350203
        },
        "fracBB": {
            "high": 0.007523161113183521,
            "low": 0.00623888095788777
        },
        "stats": {
            "high": 0.04962440388163514,
            "low": 0.04823399106035153
        },
        "fracLight": {
            "high": 0.003976346771466736,
            "low": 0.0034444676285854186
        },
        "pu": {
            "high": 0.002400733281968647,
            "low": 0.00224173521559263
        },
        "fracCC": {
            "high": 0.012429469021493405,
            "low": 0.012205086069278528
        },
        "psWeightIsr": {
            "high": 0.0,
            "low": 0.0
        },
        "lumi_13TeV": {
            "high": 0.0,
            "low": 0.001290761986353701
        },
        "l1PreFiring": {
            "high": 0.0,
            "low": 0.0
        },
        "psWeightFsr": {
            "high": 0.0,
            "low": 0.003778289197688495
        },
        "extSfBDTVariation": {
            "high": 0.014506878678868018,
            "low": 0.020818670324485703
        },
        "extVarRwgt": {
            "high": 0.13465306021461054,
            "low": 0.13465306021461054
        },
        "final": {
            "central": 1.2799919191542481,
            "high": 0.14500522896609247,
            "low": 0.14532373101668772
        }
    },
    "WP2_pt400to100000": {
        "jer": {
            "high": 0.0005691346874218841,
            "low": 0.00029790387874401985
        },
        "jes": {
            "high": 0.007011825401242528,
            "low": 0.007712899079699618
        },
        "fracBB": {
            "high": 0.005849891041097747,
            "low": 0.005572075940911655
        },
        "stats": {
            "high": 0.025534057645307584,
            "low": 0.0250806727133126
        },
        "fracLight": {
            "high": 0.0009809880492511465,
            "low": 0.0019056608655755988
        },
        "pu": {
            "high": 0.0010400692737143752,
            "low": 0.0009969192880039638
        },
        "fracCC": {
            "high": 0.007502388503538286,
            "low": 0.007096444423618814
        },
        "psWeightIsr": {
            "high": 0.0,
            "low": 0.0
        },
        "lumi_13TeV": {
            "high": 0.0,
            "low": 0.000229253316127026
        },
        "l1PreFiring": {
            "high": 0.0,
            "low": 0.0
        },
        "psWeightFsr": {
            "high": 0.0008729534688465894,
            "low": 0.0
        },
        "extSfBDTVariation": {
            "high": 0.016617156890704816,
            "low": 0.019695472013782626
        },
        "extVarRwgt": {
            "high": 0.09448777435388211,
            "low": 0.09448777435388211
        },
        "final": {
            "central": 1.1963066069249273,
            "high": 0.09999429304030912,
            "low": 0.10045003714365755
        }
    }
}