{
    "VBFHto2B_M-125_dipoleRecoilOn": 2.3750272000000003, 
    "QCD_PT-1800to2400": 0.1148, 
    "WW": 80.23, 
    "QCD_PT-1400to1800": 0.8103, 
    "WZ": 29.1, 
    "QCD_PT-1000to1400": 8.92, 
    "WminusH_Hto2B_Wto2Q_M-125": 0.3499620633600001, 
    "TTto4Q": 410.8994804, 
    "ggZH_Hto2B_Zto2Q_M-125": 0.055373986304000006, 
    "TTtoLNu2Q": 410.2834392000001, 
    "QCD_PT-170to300": 113700.0, 
    "QCD_PT-3200": 0.0002331, 
    "QCD_PT-300to470": 7589.0, 
    "ttHto2B_M-125": 0.331968, 
    "GluGluHto2B_PT-200_M-125": 0.4826887624748202, 
    "QCD_PT-120to170": 445800.0, 
    "QCD_PT-80to120": 2534000.0, 
    "WplusH_Hto2B_Wto2Q_M-125": 0.22350485248000002, 
    "ZZ": 12.75, 
    "QCD_PT-800to1000": 30.57, 
    "GluGlutoHHto4B_kl-1p00_kt-1p00_c2-0p00": 0.011678303436800002, 
    "QCD_PT-470to600": 626.4, 
    "ZH_Hto2B_Zto2Q_M-125": 0.3289459083456, 
    "QCD_PT-600to800": 178.6, 
    "QCD_PT-2400to3200": 0.007542
}